2803	6.500
12800	18.739
22805	6.026
32806	17.060
42799	24.553
52799	7.320
62799	12.960
72800	19.200
82802	28.065
92800	7.725
102800	17.579
112801	26.310
122800	3.548
132801	12.553
142800	21.581
152800	31.081
162800	3.722
172800	11.759
182800	20.589
192800	30.143
202799	39.782
212800	9.061
222800	18.407
232820	27.819
242800	36.245
252800	45.237
262803	9.126
272800	17.898
282800	26.414
292803	35.667
302799	44.618
312800	8.150
322800	17.673
332799	26.913
342800	35.695
352799	45.215
362800	8.370
372799	17.380
382800	27.165
392800	36.772
402799	46.130
412800	4.839
422799	13.862
432800	22.897
442800	31.803
452800	40.781
462801	49.596
472801	8.437
482800	18.862
492800	27.620
502799	36.591
512800	45.574
522805	55.052
532812	8.978
542799	18.153
552799	27.541
562800	36.272
572799	46.011
582799	55.827
592799	9.772
602799	18.951
612799	28.817
622807	38.866
632799	44.367
642799	46.861
652799	48.924
662800	51.401
672799	53.052
682799	54.703
692799	56.354
702799	58.005
712799	60.069
722799	62.133
736994	7.743
742799	8.959
752799	11.792
762799	14.220
772799	16.243
782799	17.862
792799	19.885
802799	21.908
812799	23.932
822800	25.550
832799	27.573
842799	29.192
852799	30.406
862799	31.620
872799	32.834
882799	34.051
892799	34.863
902799	35.269
912800	44.296
922799	52.145
932799	59.908
947691	11.032
952799	16.109
962799	24.908
972801	33.366
982799	41.717
992800	50.237
1002799	58.505
1015167	12.650
1022800	19.687
1032799	27.901
1042799	36.379
1052800	44.535
1062799	52.960
1072799	61.956
1082799	14.549
1092799	23.211
1102800	31.805
1112799	40.195
1122800	48.992
1132799	59.044
1145039	14.622
1152799	21.372
1162799	29.901
1172800	38.469
1182799	46.605
1192799	54.718
1202799	62.999
1212799	16.795
1222799	25.460
1232799	34.115
1242799	42.436
1252800	51.533
1262799	60.334
1272801	17.799
1282800	26.272
1292799	34.819
1302799	42.882
1312799	51.259
1322799	59.401
1333185	16.072
1342799	24.636
1352799	32.957
1362799	40.372
1372810	47.479
1382799	54.445
1395562	16.704
1402799	21.684
1412799	28.905
1422799	36.584
1432800	43.747
1442802	51.283
1459464	16.902
1462799	19.366
1472800	26.040
1482799	33.171
1492800	39.830
1502799	47.065
1512806	53.957
1522881	17.613
1532805	24.993
1542799	32.973
1552799	40.356
1562799	48.032
1572799	55.487
1582799	19.462
1592799	27.394
1602799	35.517
1612828	39.799
1622800	42.538
1632799	50.012
1646678	19.597
1652799	24.494
1662799	31.751
1672799	38.895
1682800	45.491
1692799	52.332
1707525	20.895
1712799	25.029
1722799	32.080
1732799	39.199
1742799	46.274
1752799	52.730
1762799	22.563
1772799	29.492
1782827	36.713
1792799	43.778
1802799	50.475
1817131	22.263
1822799	26.698
1832800	33.564
1842799	40.803
1852800	47.498
1865386	22.575
1872799	28.184
1882799	35.544
1892801	42.392
1902800	49.172
1912799	24.274
1922799	31.514
1932800	38.141
1942800	44.509
1960411	23.846
1962799	25.443
1972801	32.395
1982799	39.543
1992799	46.245
2009179	24.675
2012807	27.131
2022800	34.054
2032799	41.148
2042799	47.732
2057867	24.863
2062799	28.336
2072800	35.203
2082799	41.571
2092799	48.037
2108723	25.919
2112801	28.893
2122800	35.658
2132810	42.797
2142813	49.266
2152799	55.867
2162799	27.693
2172800	34.808
2182810	41.819
2192807	48.525
2202799	55.266
2214468	27.612
2222814	33.804
2232799	40.685
2242799	47.762
2252800	54.837
2267901	28.431
2272811	32.007
2282800	38.875
2292799	45.478
2302799	52.260
2312799	59.056
2324064	29.125
2332799	35.419
2342799	42.301
2352799	49.015
2362799	56.225
2380543	29.356
2382799	31.375
2392799	38.628
2402799	46.067
2412799	53.005
2422799	60.289
2433987	29.439
2442799	35.818
2452799	43.035
2462799	50.700
2472799	57.385
2485682	29.459
2492799	34.694
2502799	41.600
2512799	48.396
2522800	54.946
2532799	61.928
2542799	32.012
2552799	39.341
2562802	46.639
2572818	53.870
2582799	60.906
2592802	31.400
2602799	38.335
2612807	45.555
2622799	52.682
2632803	59.815
2642799	31.026
2652812	37.877
2662799	44.698
2672799	51.719
2682800	58.709
2697402	31.012
2702810	35.140
2712799	42.352
2722799	49.216
2732799	56.024
2742799	63.118
2753098	31.083
2762799	38.349
2772799	45.275
2782961	51.974
2792799	58.898
2802799	66.188
2812799	33.973
2822800	41.129
2832811	48.476
2842800	55.676
2852800	62.453
2866590	31.995
2872799	36.333
2882799	43.672
2892799	50.980
2902799	58.156
2912799	65.338
2923593	31.882
2932799	38.853
2942799	45.972
2952799	53.035
2962832	59.790
2972799	66.988
2982799	33.597
2992799	40.950
3002799	47.919
3012799	54.866
3022806	61.870
3032799	69.028
3042799	35.152
3052799	42.377
3062799	49.684
3072799	56.634
3082817	63.138
3092799	70.348
3102799	36.006
3112808	43.416
3122806	50.888
3132799	57.706
3142799	64.766
3152799	71.780
3162799	36.881
3172803	44.994
3182799	52.833
3192799	60.311
3202800	66.952
3217956	34.619
3222799	38.420
3232799	44.992
3242799	51.148
3252799	57.408
3262799	64.141
3272799	70.664
3284571	35.773
3292799	41.970
3302810	48.838
3312799	55.468
3322802	61.827
3332799	68.570
3342799	75.071
3352799	38.649
3362799	45.353
3372799	52.133
3382799	58.795
3392809	65.659
3402799	72.667
3413877	36.805
3422799	43.482
3432799	50.576
3442800	57.399
3452799	64.216
3462799	71.098
3478245	37.371
3482799	40.944
3492799	47.982
3502799	55.060
3512802	62.243
3522799	68.884
3532799	75.540
3544006	37.726
3552809	44.397
3562799	51.687
3572815	58.853
3582801	65.773
3592799	72.456
3602799	79.495
3612799	40.963
3622805	47.295
3632799	54.265
3642799	61.500
3652812	68.361
3662815	75.398
3677088	38.904
3682799	43.252
3692799	50.032
3702799	56.919
3712800	64.194
3722799	71.390
3732799	79.079
3744040	39.029
3752799	45.538
3762799	52.817
3772799	60.021
3782803	67.080
3792800	74.469
3802799	82.222
3812851	42.135
3822799	49.951
3832799	57.457
3842799	64.560
3852800	71.426
3862799	78.193
3878345	40.316
3882814	43.825
3892799	50.998
3902799	58.350
3912799	65.400
3922805	72.280
3932801	78.864
3949486	40.933
3952799	43.791
3962799	50.822
3972799	57.469
3982799	64.233
3992817	71.026
4002820	78.096
4012799	85.042
4025765	42.045
4032801	47.037
4042811	53.738
4052799	60.461
4062799	67.209
4072799	74.398
4082799	81.168
4098812	41.925
4102799	45.137
4112799	52.013
4122799	58.695
4132799	65.455
4143194	72.259
4152804	79.265
4162801	86.324
4172799	44.063
4182799	51.392
4192799	58.455
4202799	65.348
4212808	71.916
4222799	78.447
4232799	84.998
4245552	43.138
4252799	48.865
4262799	56.059
4272799	63.016
4282827	70.133
4292799	76.962
4302799	84.020
4317430	44.172
4322799	47.889
4332809	54.896
4342799	62.053
4352799	68.953
4362799	76.077
4372799	83.080
4382799	89.671
4392799	46.865
4402799	53.374
4412799	60.268
4422807	67.648
4432799	74.761
4442801	81.354
4452799	88.105
4462810	46.219
4472801	52.867
4482799	59.491
4492799	66.184
4502799	73.538
4512812	80.185
4522799	87.036
4534136	45.305
4542799	51.766
4552825	58.783
4562816	65.645
4572871	72.111
4582806	78.393
4592799	85.222
4607784	46.812
4612799	50.594
4622799	57.776
4632799	64.864
4642802	71.628
4652799	78.631
4662799	85.800
4677728	46.642
4682799	50.616
4692799	57.700
4702799	64.831
4712799	71.984
4722799	78.613
4732799	85.499
4742802	92.276
4752813	49.458
4762799	55.810
4772799	62.502
4782799	68.927
4792799	75.604
4802799	82.142
4812799	88.551
4826077	46.967
4832801	51.750
4842799	57.960
4852799	64.716
4862799	71.533
4872799	78.574
4882799	85.439
4892800	91.747
4902799	48.374
4912799	54.842
4922799	61.407
4932799	68.213
4942805	75.044
4952799	81.578
4962799	88.260
4977889	47.795
4982799	51.479
4992802	58.455
5002841	65.426
5012801	72.310
5022801	78.893
5032799	85.735
5042799	92.378
5054968	48.465
5062798	54.317
5072799	61.236
5082826	68.283
5092813	75.365
5102799	81.796
5112799	88.747
5122800	95.255
5132799	52.425
5142802	58.965
5152799	65.622
5162799	72.329
5172816	79.341
5182799	86.854
5192799	93.527
5204635	50.457
5212799	56.890
5222799	64.336
5232801	71.550
5242799	78.768
5252799	85.491
5262799	92.368
5278515	50.876
5282801	54.407
5292799	61.558
5302799	68.651
5312805	75.636
5322799	82.414
5332799	89.412
5342813	96.321
5352799	52.421
5362798	59.374
5372799	66.233
5382799	73.398
5392809	80.913
5402812	88.292
5412799	95.901
5424027	52.102
5432799	58.998
5442799	66.253
5452799	73.499
5462804	80.598
5472799	88.483
5482820	95.835
5494307	53.018
5502799	59.643
5512799	66.902
5522798	74.337
5532799	81.247
5542799	88.052
5552831	95.192
5567094	53.432
5572817	57.915
5582820	64.936
5592819	71.853
5602815	79.015
5612799	86.478
5622799	93.842
5637949	53.919
5642799	57.863
5652799	64.450
5662799	71.364
5672813	78.151
5682799	84.783
5692830	91.426
5702799	97.957
5713223	54.469
5722799	61.440
5732799	68.282
5742799	74.914
5752799	81.722
5762799	88.433
5772799	95.089
5787927	55.054
5792799	58.866
5802803	65.351
5812799	72.383
5822799	79.334
5832799	86.226
5842799	92.802
5852804	99.339
5862799	56.336
5872799	62.550
5882799	69.445
5892805	76.577
5902801	83.701
5912799	90.505
5922799	97.638
5934985	56.524
5942799	62.695
5952799	70.106
5962799	76.980
5972799	83.667
5982800	90.383
5992822	96.872
6008003	56.779
6012799	60.334
6022800	67.061
6032799	73.558
6042799	80.291
6052799	86.591
6062845	93.222
6072799	99.611
6082799	57.887
6092799	64.209
6102799	70.802
6112799	77.509
6122799	84.301
6132799	90.918
6142803	97.482
6156236	57.378
6162799	62.074
6172799	68.966
6182799	75.424
6192804	82.325
6202799	88.963
6212799	95.977
6228826	57.701
6232799	60.944
6242799	67.800
6252799	74.595
6262799	81.483
6272799	88.744
6282803	95.283
6301045	58.222
6302799	59.782
6312800	66.105
6322799	72.996
6332800	79.716
6342808	86.309
6352800	92.898
6362799	99.290
6376173	58.949
6382799	63.199
6392798	69.699
6402799	76.264
6412799	82.918
6422800	89.581
6432799	95.911
6442811	102.510
6452799	59.739
6462799	66.401
6472799	72.948
6482799	79.783
6492803	86.369
6502820	92.720
6512799	99.360
6528417	59.416
6532814	62.663
6542799	69.193
6552814	75.806
6562799	82.826
6572801	89.841
6582799	97.014
6602826	60.607
6602826	60.647
6612803	68.357
6622799	75.871
6632799	83.013
6642799	89.752
6652801	96.409
6662810	102.754
6673537	61.034
6682799	67.271
6692799	74.180
6702830	81.031
6712799	87.666
6722800	93.888
6732799	100.287
6748089	61.155
6752802	64.399
6762799	70.962
6772799	77.730
6782799	84.566
6792805	91.421
6802799	98.017
6812799	104.339
6822799	62.784
6832803	69.789
6842799	76.755
6852800	84.173
6862799	91.888
6872799	99.453
6882801	106.308
6892799	64.568
6902802	71.442
6912801	78.392
6922799	85.237
6932799	92.591
6942799	99.164
6952799	105.935
6962799	63.936
6972799	70.942
6982799	77.759
6992799	84.838
7002799	91.638
7012799	98.311
7022799	104.662
7035089	63.709
7042800	69.260
7052799	76.278
7062799	83.505
7072807	90.335
7082884	97.273
7092799	103.802
7109021	65.229
7112799	67.857
7122810	74.621
7132799	81.684
7142799	89.195
7152799	96.345
7162800	103.086
7172799	109.603
7182799	66.268
7192812	73.616
7202800	80.436
7212799	87.390
7222799	94.413
7232799	101.050
7242799	107.790
7257903	65.859
7262801	69.735
7272817	76.572
7282799	83.376
7292799	90.263
7302799	97.014
7312832	104.092
7322799	110.836
7332990	66.286
7342799	73.804
7352799	80.780
7362799	87.807
7372799	94.802
7382798	101.691
7392814	108.748
7406193	66.789
7412799	71.837
7422799	78.980
7432799	86.107
7442799	93.650
7452799	100.425
7462799	106.724
7472799	112.655
7482799	69.046
7492799	76.055
7502799	83.161
7512799	90.197
7522799	97.105
7532801	103.630
7542817	110.099
7554637	67.353
7562799	73.293
7572799	79.998
7582814	86.928
7592799	93.828
7602799	100.725
7612811	107.176
7630094	67.805
7632799	69.906
7642799	76.763
7652799	83.705
7662799	90.491
7672799	97.332
7682799	103.964
7692799	110.148
7706394	68.770
7712811	73.158
7722799	79.964
7732799	87.125
7742799	94.221
7752799	101.257
7762799	107.949
7772804	113.894
7782805	70.243
7792799	77.068
7802799	84.086
7812808	90.975
7822799	97.924
7832799	104.379
7842869	111.057
7857402	70.439
7862799	74.405
7872820	81.528
7882799	88.768
7892802	96.330
7902804	103.259
7912801	109.935
7930567	70.126
7932816	72.081
7942799	79.142
7952799	85.762
7962799	92.742
7972799	99.741
7982799	106.732
7992799	113.251
8005192	70.384
8012799	76.036
8022799	82.769
8032802	89.673
8042810	96.696
8052799	103.359
8062799	109.826
8080976	70.707
8082814	72.495
8092799	79.236
8102799	85.951
8112807	92.622
8122799	98.783
8132799	104.154
8142799	110.022
8152800	116.364
8162799	74.157
8172799	80.404
8182799	86.721
8192799	93.244
8202810	99.767
8212799	106.077
8222799	112.418
8241556	73.228
8242799	74.460
8252799	80.914
8262811	87.475
8272802	94.282
8282799	100.993
8292821	107.964
8302799	114.369
8320613	73.800
8322799	75.695
8332799	82.568
8342799	89.717
8352799	96.701
8362799	103.523
8372799	110.260
8382824	116.737
8397915	74.447
8402799	78.331
8412799	85.454
8422802	92.620
8432799	99.709
8442798	106.734
8452805	113.562
8462799	120.102
8472799	76.672
8482799	83.491
8492799	90.261
8502816	97.535
8512798	104.545
8522808	111.569
8532814	118.477
8570442	58.156
8570442	58.156
8570442	58.156
8572805	60.459
8582799	67.539
8592799	74.895
8602807	81.804
8612799	88.951
8622799	95.678
8632799	102.631
8642799	64.080
8652799	71.286
8662799	78.327
8672829	86.331
8682813	93.031
8692819	99.740
8703434	60.457
8712799	67.606
8722799	75.341
8732798	82.962
8742799	89.874
8752799	96.459
8762799	102.566
8772809	65.510
8782799	72.470
8792799	79.583
8802799	86.267
8812799	92.504
8822799	98.547
8834688	61.647
8842799	67.355
8852799	74.074
8862799	80.582
8872799	86.802
8882799	93.221
8892799	99.486
8903924	62.268
8912799	68.802
8922799	75.496
8932799	81.903
8942799	88.433
8952805	94.121
8962799	100.690
8972799	63.399
8982799	69.930
8992799	76.680
9002799	83.307
9012806	90.031
9022799	95.975
9032811	102.324
9042799	64.804
9052800	71.458
9062799	78.401
9072799	84.989
9082799	91.911
9092799	97.943
9102799	104.363
9112799	66.565
9122799	73.318
9132799	79.725
9142800	85.982
9152799	92.921
9162805	99.216
9178515	64.297
9182799	67.556
9192800	74.591
9202799	81.886
9212799	89.050
9222800	96.051
9232905	102.209
9245993	64.269
9252801	69.213
9262799	75.905
9272799	82.658
9282799	89.629
9292799	95.948
9302799	102.221
9318318	64.639
9322799	68.300
9332828	75.392
9342798	82.613
9352806	89.609
9362798	96.483
9372799	102.644
9388472	65.547
9392799	68.608
9402799	75.296
9412799	81.712
9422798	88.314
9432799	94.687
9442799	100.936
9452799	107.122
9465226	65.928
9472808	71.488
9482799	78.181
9492799	84.504
9502799	91.158
9512799	97.570
9522799	103.513
9532818	110.136
9542799	67.347
9552799	73.828
9562808	80.724
9572799	87.499
9582799	94.293
9592799	100.961
9602801	107.058
9619077	67.319
9622799	69.806
9632799	76.610
9642799	83.409
9652799	90.204
9662799	96.699
9672799	102.802
9682811	109.464
9693678	67.002
9702799	73.263
9712799	79.179
9722799	85.509
9732799	91.997
9742799	98.703
9752799	104.721
9762799	111.484
9772817	69.830
9782810	76.495
9792799	83.332
9802809	90.320
9812799	97.182
9822799	103.732
9832799	109.931
9843456	68.318
9852799	75.007
9862799	81.830
9872799	88.448
9882799	95.088
9892820	101.688
9902799	108.256
9912799	114.814
9922799	71.895
9932799	78.643
9942799	85.972
9952805	93.256
9962799	100.361
9972799	106.777
9982799	112.884
9992799	70.667
10002799	77.567
10012820	85.173
10022799	92.541
10032799	99.800
10042799	106.571
10052799	112.959
10064553	69.792
10072814	75.885
10082806	82.480
10092799	89.310
10102799	96.167
10112799	102.874
10123208	108.678
10132815	114.725
10142799	71.722
10152799	77.819
10162799	84.245
10172799	90.892
10182802	97.446
10192843	104.418
10202800	110.457
10212799	117.301
10222807	72.992
10232799	80.300
10242799	87.603
10252799	94.568
10262799	102.988
10272799	111.575
10282799	119.913
10292798	75.121
10302799	83.225
10312801	91.480
10322799	100.107
10332799	108.392
10342799	116.450
10356372	72.941
10362799	78.885
10372799	87.385
10382799	95.646
10392799	104.028
10402799	112.581
10412799	121.053
10422799	75.082
10432799	83.396
10442799	91.838
10452799	100.432
10462799	109.197
10472799	117.940
10484900	74.072
10492800	81.043
10502799	89.633
10512799	98.525
10522799	107.490
10532799	115.288
10549580	75.059
10552799	77.934
10562799	85.809
10572799	93.595
10582799	101.414
10592799	109.182
10602800	116.871
10618637	75.618
10622799	79.343
10632799	87.418
10642799	95.495
10652799	103.689
10662799	111.710
10672799	119.513
10684644	76.225
10692799	83.588
10702799	91.886
10712799	100.514
10722799	109.539
10732799	118.587
10746686	76.277
10752799	81.651
10762799	90.248
10772799	98.992
10782799	107.354
10792799	115.889
10802799	124.106
10812799	78.525
10822799	86.911
10832799	95.717
10842799	104.131
10852799	112.324
10862799	120.802
10872799	79.114
10882799	87.845
10892799	96.115
10902799	104.585
10912799	112.478
10922800	120.109
10934768	78.714
10942799	85.438
10952799	93.278
10962799	101.385
10972799	109.027
10982799	116.447
10992799	124.204
11002799	82.525
11012799	90.234
11022799	98.501
11032799	106.859
11042799	115.002
11052799	123.257
11062799	81.187
11072800	88.605
11082799	97.495
11092799	106.560
11102799	115.430
11112799	124.871
11122799	82.402
11132799	90.356
11142799	98.871
11152799	106.739
11162799	114.884
11172799	123.199
11183370	81.648
11192799	90.055
11202799	98.277
11212799	106.528
11222799	114.576
11232799	122.843
11245917	82.292
11252798	88.476
11262799	96.604
11272799	105.192
11282799	113.568
11292799	122.479
11302799	130.424
11312799	87.792
11322799	95.959
11332799	104.487
11342799	113.556
11352799	122.447
11362799	130.348
11372799	87.358
11382799	95.965
11392799	104.845
11402799	113.999
11412799	122.752
11422799	131.404
11432798	87.782
11442799	95.713
11452799	103.811
11462799	112.177
11472799	120.852
11482799	129.491
11492799	85.839
11502799	94.439
11512799	103.405
11522799	112.018
11532799	120.287
11542799	128.601
11554448	84.513
11562799	92.039
11572800	100.955
11582799	109.186
11592799	117.051
11602799	125.399
11612799	134.485
11622799	89.272
11632800	97.333
11642799	106.015
11652799	114.428
11662799	123.158
11672799	131.744
11682801	86.022
11692799	94.392
11702799	103.267
11712799	112.269
11722799	120.882
11732799	129.516
11746465	85.186
11752799	91.052
11762799	99.138
11772799	107.106
11782799	115.173
11792799	123.518
11802799	131.910
11813984	85.590
11822799	93.217
11832799	101.658
11842799	110.877
11852799	118.914
11862799	126.791
11872799	134.883
11882799	88.053
11892799	96.683
11902799	105.897
11912799	114.693
11922799	123.217
11932799	131.860
11943752	86.243
11952799	94.647
11962799	103.391
11972799	111.762
11982799	120.592
11992799	129.432
12008313	87.834
12012799	91.657
12022799	101.015
12032799	110.115
12042799	118.253
12052799	126.306
12062799	134.241
12072799	87.826
12082799	95.204
12092799	103.164
12102799	111.187
12112799	119.458
12122799	127.696
12132799	135.261
12142799	88.791
12152799	97.366
12162799	106.140
12172799	114.550
12182799	122.701
12192799	131.071
12207393	87.917
12212799	92.871
12222799	101.291
12232799	110.478
12242799	120.383
12252799	128.785
12262799	137.891
12272799	91.827
12282799	100.135
12292800	108.572
12302799	117.234
12312799	125.751
12322799	134.532
12332987	88.725
12342799	97.458
12352799	105.927
12362799	115.338
12372799	123.670
12382799	132.237
12397494	89.407
12402799	94.697
12412799	103.219
12422799	111.400
12432799	119.719
12442799	127.696
12452799	135.686
12464914	89.705
12472799	96.708
12482799	104.815
12492799	113.310
12502799	121.901
12512799	130.963
12522799	139.443
12532799	92.541
12542799	100.849
12552799	110.118
12562799	118.704
12572799	126.861
12582799	135.800
12595785	90.801
12602799	97.276
12612799	105.551
12622799	113.815
12632799	122.145
12642799	130.566
12652799	138.983
12662909	91.156
12672799	100.071
12682800	108.301
12692799	116.485
12702799	124.631
12712799	133.186
12722799	141.334
12732799	93.682
12742799	102.026
12752799	110.311
12762799	119.093
12772799	127.402
12782799	135.358
12792799	143.644
12802799	95.343
12812799	105.257
12822799	113.747
12832799	122.453
12842799	131.365
12852799	139.826
12865252	92.575
12872799	99.272
12882799	107.554
12892799	115.779
12902799	123.736
12912799	132.033
12922799	140.621
12933214	92.855
12942799	101.034
12952799	109.338
12962799	117.916
12972799	127.317
12982799	136.111
12992799	144.726
13002799	97.524
13012799	105.934
13022799	114.424
13032799	122.937
13042799	131.498
13052799	139.966
13066218	94.341
13072799	100.251
13082799	108.936
13092798	118.931
13102799	127.299
13112799	135.788
13122799	145.122
13132799	97.522
13142799	106.593
13152799	115.632
13162799	124.583
13172799	133.173
13182799	141.344
13194679	94.862
13202799	102.365
13212799	111.177
13222799	119.996
13232799	128.763
13242799	137.118
13252799	146.153
13262799	99.129
13272799	106.494
13282799	113.496
13292799	120.439
13302799	127.748
13312799	135.645
13322799	143.169
13336638	98.249
13342799	103.389
13352799	111.330
13362799	118.781
13372799	126.547
13382799	134.638
13392799	142.408
13402799	150.559
13412799	102.011
13422799	110.402
13432799	118.640
13442799	126.919
13452799	134.886
13462799	142.738
13479050	100.024
13482799	103.686
13492799	111.957
13502799	120.099
13512799	128.395
13522799	136.360
13532799	144.037
13548349	100.043
13552799	104.220
13562799	112.182
13572799	120.382
13582799	128.594
13592799	137.053
13602799	145.140
13617045	100.627
13622799	106.037
13632799	114.351
13642799	122.462
13652799	131.099
13662799	139.614
13672799	148.359
13682799	102.218
13692799	111.908
13702800	120.378
13712799	128.750
13722799	137.477
13732799	147.018
13743689	100.870
13752799	109.240
13762799	117.652
13772799	126.366
13782799	135.172
13792799	144.077
13805707	101.187
13812799	107.549
13822799	116.086
13832801	124.587
13842799	132.634
13852799	141.285
13862799	150.423
13872799	105.714
13882799	115.049
13892799	123.797
13902799	132.180
13912799	140.812
13922799	149.598
13932799	105.866
13942799	114.660
13952809	124.387
13962799	133.040
13972799	142.042
13982799	151.419
13992799	107.507
14002799	115.506
14012799	123.774
14022799	132.239
14032799	140.403
14042799	148.615
14052799	103.901
14062799	112.035
14072799	120.388
14082800	128.506
14092799	135.927
14102799	144.040
14112799	152.304
14122799	108.273
14132799	116.957
14142800	126.587
14152799	134.743
14162799	143.043
14172799	151.675
14182799	106.877
14192799	115.059
14202799	123.708
14212800	131.874
14222799	140.422
14232799	149.214
14243152	104.228
14252799	112.969
14262799	120.949
14272799	129.661
14282799	138.808
14292799	146.999
14308033	105.027
14312799	109.605
14322799	118.366
14332799	128.009
14342800	136.616
14352799	145.808
14362799	155.685
14372799	109.100
14382799	117.624
14392799	125.702
14402800	133.686
14412799	141.531
14422799	149.598
14436645	105.651
14442799	111.100
14452799	119.520
14462799	127.634
14472802	135.882
14482799	144.159
14492799	152.402
14504823	107.021
14512799	114.304
14522799	122.748
14532799	131.480
14542799	139.989
14552799	148.381
14562799	156.829
14572799	109.080
14582799	117.225
14592799	126.309
14602799	135.134
14612799	143.633
14622799	152.288
14634682	107.383
14642799	114.804
14652799	124.033
14662799	133.092
14672799	141.163
14682799	149.753
14697531	108.031
14702799	113.228
14712799	122.543
14722799	130.692
14732799	138.947
14742799	147.840
14752799	157.164
14762799	110.682
14772799	118.924
14782799	127.534
14792799	135.770
14802799	143.774
14812799	152.555
14825510	108.397
14832798	115.053
14842799	123.632
14852799	131.839
14862799	140.672
14872799	149.534
14882799	157.830
14892799	112.189
14902799	120.483
14912799	128.694
14922799	137.340
14932799	146.539
14942799	155.821
14952948	109.112
14962799	118.253
14972799	127.238
14982799	136.464
14992799	144.813
15002799	153.730
15014936	110.345
15022799	118.794
15032798	129.046
15042799	138.164
15052799	146.981
15062799	157.188
15072799	111.136
15082799	119.904
15092798	128.893
15102799	138.110
15112799	147.127
15122799	155.709
15132938	110.527
15142799	119.353
15152799	127.655
15162799	136.176
15172799	144.680
15182799	152.880
15192799	161.474
15202799	115.080
15212799	123.496
15222799	131.952
15232799	140.187
15242799	148.545
15252799	157.368
15264861	111.676
15272799	118.880
15282799	127.685
15292799	135.815
15302799	144.276
15312799	152.828
15322799	161.343
15332799	114.201
15342807	122.433
15352799	130.642
15362799	139.048
15372799	147.546
15382799	157.041
15396244	112.882
15402799	118.886
15412799	127.932
15422799	136.218
15432799	143.931
15442799	152.100
15452799	160.574
15463388	113.461
15472799	121.692
15482799	129.708
15492799	137.867
15502799	146.294
15512799	154.592
15522799	163.000
15532799	114.838
15542799	123.466
15552809	132.010
15562799	140.936
15572799	149.898
15582799	157.892
15598016	114.251
15602799	118.886
15612799	127.692
15622799	136.133
15632799	144.574
15642799	153.394
15652799	162.721
15663388	114.549
15672799	122.874
15682799	131.439
15692800	139.928
15702799	147.945
15712799	156.108
15722799	164.750
15732799	116.898
15742799	127.095
15752799	135.499
15762800	143.761
15772799	151.810
15782798	160.255
15792799	168.107
15802799	119.314
15812799	127.837
15822799	136.298
15832800	144.979
15842799	153.575
15852799	161.842
15867371	116.018
15872799	121.369
15882799	129.595
15892799	137.755
15902799	145.892
15912799	154.590
15922799	163.482
15934693	116.213
15942799	123.318
15952799	132.022
15962799	140.480
15972799	148.618
15982799	157.510
15992799	166.279
16002799	117.946
16012799	126.510
16022799	134.879
16032799	143.319
16042799	152.351
16052799	160.723
16062799	169.156
16072799	121.416
16082799	130.207
16092799	139.195
16102799	147.600
16112800	155.784
16122799	163.693
16132799	171.574
16142799	122.977
16152799	131.113
16162799	139.181
16172799	147.197
16182799	155.668
16192799	164.551
16202799	172.875
16212799	123.829
16222799	132.361
16232799	140.885
16242799	148.661
16252799	156.962
16262799	165.486
16272799	173.578
16282799	123.990
16292799	132.019
16302799	140.199
16312799	148.259
16322799	156.352
16332799	164.363
16342799	172.270
16352799	123.471
16362799	131.482
16372799	139.376
16382799	147.453
16392799	155.387
16402799	163.718
16412799	172.360
16422799	123.394
16432799	131.158
16442799	139.485
16452799	147.846
16462799	156.204
16472799	164.731
16482800	172.838
16492799	125.709
16502799	134.025
16512799	142.312
16522799	150.910
16532799	159.239
16542799	167.627
16556580	123.256
16562799	129.187
16572799	137.906
16582799	148.003
16592799	158.814
16602799	168.013
16613519	123.208
16622799	131.462
16632799	139.843
16642799	148.456
16652799	156.854
16662799	166.210
16677249	123.700
16682799	129.357
16692799	138.109
16702800	146.521
16712799	155.588
16722799	165.509
16732799	174.326
16742799	127.830
16752799	136.104
16762799	144.978
16772799	154.079
16782799	163.213
16792799	172.262
16802799	125.780
16812799	134.196
16822799	142.765
16832799	151.882
16842799	160.924
16852799	169.779
16866198	125.240
16872799	131.597
16882799	140.573
16892799	148.562
16902799	156.978
16912799	166.053
16922799	175.359
16932799	128.025
16942799	136.683
16952799	146.839
16962799	156.290
16972799	164.967
16982799	173.530
16993005	126.279
17002799	135.318
17012799	143.967
17022799	152.247
17032799	160.380
17042799	168.358
17052799	176.627
17062799	131.089
17072800	139.269
17082799	147.241
17092799	155.758
17102799	164.904
17112799	174.592
17122799	127.887
17132799	136.064
17142802	144.387
17152799	152.408
17162799	160.920
17172799	169.743
17188115	127.571
17192799	132.299
17202799	140.595
17212799	149.141
17222799	157.453
17232799	165.575
17242798	174.286
17253527	128.032
17262799	136.315
17272799	145.045
17282799	153.315
17292803	162.049
17302799	170.741
17312799	179.437
17372146	109.803
17372147	109.894
17372147	109.894
17372147	109.894
17372147	109.937
17372799	110.876
17382799	120.033
17392799	129.645
17402799	139.502
17412799	147.829
17422799	156.517
17432799	112.994
17442799	122.185
17452799	131.408
17462799	140.912
17472799	149.638
17482799	158.685
17492799	113.112
17502799	122.202
17512799	131.807
17522799	140.525
17532799	149.471
17542799	158.164
17553986	113.152
17562799	121.938
17572799	130.386
17582799	139.143
17592799	147.628
17602799	156.312
17612799	165.049
17622798	118.718
17632799	127.193
17642799	136.080
17652799	145.438
17662799	154.529
17672799	163.582
17682799	117.635
17692799	126.348
17702799	134.759
17712799	143.098
17722799	151.389
17732799	159.281
17746126	114.392
17752799	120.249
17762799	128.146
17772799	135.870
17782799	144.040
17792799	152.354
17802799	160.692
17813364	114.891
17822799	122.959
17832799	131.383
17842799	140.049
17852799	148.550
17862799	157.451
17872799	165.924
17882799	120.502
17892799	128.760
17902799	137.441
17912799	146.100
17922800	154.747
17932799	162.889
17943231	116.076
17952799	124.910
17962799	133.228
17972799	143.104
17982799	151.875
17992799	160.312
18005732	116.799
18012799	123.465
18022799	132.284
18032799	140.932
18042799	149.328
18052799	158.054
18062799	167.045
18072798	120.700
18082799	130.120
18092799	138.470
18102799	147.141
18112799	156.461
18122799	165.085
18133366	118.792
18142799	126.604
18152799	134.743
18162798	143.110
18172798	152.184
18182798	161.336
18192798	169.664
18202799	122.098
18212799	130.772
18222799	139.380
18232799	148.010
18242799	156.392
18252799	164.753
18266021	119.514
18272799	125.510
18282799	134.229
18292799	142.440
18302799	150.729
18312799	158.863
18322799	167.612
18334430	120.062
18342799	127.497
18352799	135.729
18362799	144.432
18372799	153.061
18382799	161.470
18392799	169.730
18402798	121.775
18412799	130.046
18422799	138.293
18432799	147.004
18442799	155.519
18452799	163.900
18462798	172.814
18472799	124.586
18482799	133.006
18492799	141.649
18502799	150.659
18512799	158.984
18522799	166.689
18532799	174.733
18542799	126.896
18552799	135.947
18562799	145.205
18572799	153.766
18582799	162.967
18592799	171.527
18605526	123.021
18612799	129.651
18622799	138.231
18632799	146.398
18642799	154.370
18652799	162.216
18662799	170.380
18672799	178.336
18682799	129.127
18692799	137.061
18702799	145.253
18712799	153.398
18722799	161.394
18732799	169.562
18742799	178.137
18752799	127.565
18762799	135.844
18772799	144.140
18782799	152.340
18792802	161.061
18802799	169.404
18812799	179.436
18822799	129.404
18832799	137.859
18842799	147.132
18852799	157.586
18862802	167.851
18872798	177.798
18882798	126.519
18892799	136.224
18902799	146.967
18912799	154.978
18922799	163.536
18932799	172.641
18942799	180.997
18952799	130.387
18962799	139.399
18972799	147.801
18982799	156.098
18992799	164.579
19002799	173.055
19012799	181.342
19022799	129.113
19032799	137.206
19042799	145.963
19052799	154.195
19062798	163.193
19072799	172.059
19082799	181.154
19092799	129.132
19102799	138.258
19112799	148.499
19122798	156.634
19132799	165.234
19142799	173.884
19152799	182.524
19162799	129.552
19172799	137.652
19182799	145.948
19192799	154.441
19202799	163.032
19212799	171.864
19222799	180.626
19235059	129.388
19242799	136.355
19252799	145.055
19262799	154.185
19272799	162.782
19282798	171.605
19292799	180.387
19302798	188.542
19312799	134.380
19322799	142.814
19332799	151.182
19342799	159.837
19352799	168.001
19362799	176.264
19372799	184.711
19382799	131.532
19392799	140.452
19402799	149.507
19412799	158.386
19422799	166.774
19432799	174.807
19442799	183.106
19456066	131.661
19462799	138.530
19472799	147.163
19482799	155.311
19492799	163.104
19502799	171.221
19512799	179.059
19522799	186.789
19533211	131.551
19542799	140.260
19552799	148.884
19562799	157.375
19572798	165.804
19582799	174.922
19592799	184.543
19605440	132.193
19612798	139.254
19622799	147.803
19632799	156.296
19642798	165.166
19652799	173.996
19662799	183.097
19672799	191.140
19682799	137.609
19692799	146.563
19702799	155.390
19712799	163.836
19722799	171.800
19732799	179.303
19742799	186.987
19755953	133.952
19762799	140.448
19772799	149.360
19782799	157.330
19792799	165.188
19802799	173.303
19812799	181.389
19822798	190.087
19832818	135.850
19842799	143.512
19852799	151.679
19862799	159.581
19872799	167.965
19882799	176.011
19892799	184.213
19902799	192.575
19945822	126.225
19945823	126.225
19945823	126.241
19945823	126.257
19952799	133.158
19962798	142.591
19972799	151.763
19982799	159.722
19992798	168.305
20002799	177.159
20015829	127.371
20022799	133.514
20032799	141.566
20042799	150.015
20052799	158.558
20062799	167.593
20072799	176.264
20082799	184.571
20092799	131.949
20102799	140.341
20112805	148.895
20122799	157.842
20132799	166.085
20142799	174.561
20152799	184.192
20162799	130.913
20172799	139.368
20182799	148.242
20192799	157.526
20202798	165.932
20212799	174.236
20222799	182.206
20234557	128.987
20242799	136.244
20252799	144.374
20262805	151.738
20272799	159.273
20282799	167.138
20292799	175.737
20302799	183.597
20312799	131.267
20322799	140.418
20332799	149.132
20342799	158.241
20352799	167.146
20362810	175.991
20372799	184.680
20382799	132.277
20392799	140.154
20402799	148.267
20412799	156.614
20422801	165.561
20432799	174.277
20442799	182.410
20455446	131.066
20462799	137.987
20472799	146.658
20482799	154.969
20492799	163.551
20502799	172.558
20512799	180.840
20522799	189.623
20532799	137.562
20542799	146.783
20552799	155.435
20562799	164.519
20572799	173.272
20582799	181.966
20592799	190.746
20602799	138.055
20612799	146.189
20622799	153.856
20632799	161.936
20642799	170.115
20652799	178.534
20662799	186.770
20673734	132.764
20682799	140.636
20692799	148.535
20702799	156.628
20712799	164.919
20722799	173.274
20732799	181.462
20742799	189.626
20794243	129.899
20794243	129.915
20794243	129.915
20794243	129.932
20794243	129.932
20802799	137.700
20812803	145.849
20822799	153.752
20832799	162.242
20842799	170.528
20852799	179.343
20862799	186.870
20872799	133.070
20882799	141.716
20892799	150.495
20902799	160.469
20912799	168.749
20922799	177.497
20932799	185.725
20944554	131.417
20952799	138.791
20962799	146.942
20972799	155.113
20982799	163.485
20992799	171.892
21002799	180.225
21012799	188.951
21022799	135.529
21032798	145.610
21042799	155.351
21052799	164.793
21062799	173.210
21072799	181.599
21082799	190.325
21092799	136.016
21102799	144.000
21112799	152.382
21122801	161.387
21132799	169.547
21142799	177.504
21152799	185.995
21204084	132.391
21204163	133.583
21204163	133.583
21204164	133.583
21204164	133.583
21212799	140.291
21222799	148.249
21232799	156.448
21242799	164.496
21252799	172.549
21262799	180.941
21272799	189.108
21337819	132.361
21337819	132.378
21337819	132.378
21337819	132.378
21337819	132.378
21337819	132.378
21342799	137.239
21352799	145.634
21362799	154.261
21372799	163.658
21382799	171.772
21392799	179.710
21402799	187.838
21452885	132.682
21452885	132.733
21452886	132.750
21452886	132.750
21452886	132.767
21462799	141.650
21472799	150.047
21482799	159.006
21492799	168.067
21502799	176.677
21512799	184.505
21522799	192.295
21600921	133.500
21600921	133.520
21600921	133.520
21600921	133.520
21600922	133.537
21600922	133.553
21600922	133.553
21602799	135.881
21612799	143.945
21622799	152.046
21632799	160.280
21642799	168.363
21652799	176.293
21662799	184.039
21672799	191.870
21756144	134.020
21756144	134.038
21756144	134.038
21756144	134.038
21756144	134.058
21756145	134.058
21756145	134.058
21756145	134.075
21762799	140.103
21772799	147.818
21782799	156.198
21792799	164.829
21802799	173.606
21812799	181.963
21822798	190.599
21976252	134.282
21976252	134.316
21976252	134.316
21976252	134.316
21976252	134.349
21976252	134.349
21976252	134.386
21976252	134.386
21976252	134.386
21976253	134.386
21976253	134.386
21976253	134.386
21976253	134.386
21976253	134.386
21976253	134.386
21982799	140.204
21992800	148.511
22002799	157.326
22012799	166.144
22022799	175.012
22032799	182.987
22042799	191.085
22107367	135.023
22107368	135.043
22107368	135.043
22107368	135.043
22107368	135.043
22107368	135.043
22112799	139.824
22122799	148.061
22132799	156.472
22142799	165.200
22152799	173.708
22162799	182.098
22172798	190.948
22216272	134.571
22216272	134.571
22216272	134.571
22216272	134.571
22222799	140.567
22232799	148.910
22242799	157.128
22252799	165.771
22262799	175.005
22272799	183.338
22282799	192.194
22338007	135.235
22338007	135.252
22338007	135.252
22338007	135.252
22338007	135.252
22342799	140.016
22352799	149.133
22362799	157.784
22372799	166.008
22382799	175.281
22392799	185.161
22402799	193.550
22441553	134.951
22441553	134.984
22441553	134.984
22442799	136.186
22452799	144.933
22462799	153.150
22472799	161.401
22482799	169.556
22492799	177.986
22502799	186.238
22581194	135.698
22581194	135.714
22581194	135.714
22581195	135.747
22581195	135.764
22581195	135.781
22581195	135.798
22582799	137.645
22592799	146.039
22602798	154.821
22612799	164.000
22622799	172.596
22632799	181.349
22642799	189.603
22691897	136.113
22691898	136.129
22691898	136.129
22691898	136.129
22692799	137.354
22702799	146.617
22712799	156.146
22722801	164.441
22732799	172.772
22742799	181.563
22752798	190.562
22812734	135.899
22812734	135.916
22812734	135.916
22812734	135.916
22812734	135.916
22812798	137.068
22822798	145.033
22832799	153.576
22842799	162.589
22852799	170.712
22862799	179.103
22872799	188.151
22924678	136.056
22924678	136.071
22924678	136.071
22924678	136.089
22924679	136.089
22932799	143.411
22942799	151.803
22952799	159.409
22962799	167.879
22972799	177.086
22982799	186.307
23046233	136.430
23046233	136.430
23046233	136.430
23046233	136.448
23046233	136.464
23046233	136.482
23052799	142.160
23062799	150.999
23072799	160.730
23082799	170.825
23092799	179.769
23102799	188.225
23368472	136.797
23368472	136.813
23368472	136.813
23368472	136.813
23368472	136.831
23368472	136.831
23368472	136.831
23368472	136.867
23368472	136.867
23368472	136.867
23368569	136.867
23368571	137.972
23368571	137.972
23368571	137.972
23368571	137.972
23368571	137.972
23368571	137.972
23368572	137.972
23368572	137.972
23368572	137.972
23368572	137.972
23368572	137.972
23368572	137.972
23368572	137.972
23368573	137.972
23368573	137.972
23372799	141.159
23382799	149.702
23392799	157.912
23402799	166.716
23412799	174.812
23422799	183.645
23432799	192.976
23486370	136.502
23486371	136.520
23486371	136.520
23486371	136.520
23486371	136.520
23492799	143.107
23502799	152.440
23512799	161.549
23522799	169.886
23532799	177.594
23542799	186.095
23608261	137.798
23608261	137.833
23608261	137.851
23608261	137.851
23608261	137.867
23608262	137.883
23612799	142.081
23622799	150.045
23632799	158.277
23642799	166.171
23652799	174.237
23662799	182.417
23672799	190.781
23720943	137.910
23720943	137.925
23720943	137.925
23720943	137.925
23722799	140.213
23732799	148.586
23742799	156.962
23752799	165.562
23762799	173.926
23772799	182.545
23782799	190.532
23848751	138.608
23848751	138.624
23848751	138.640
23848751	138.640
23848751	138.640
23848751	138.656
23852799	142.586
23862799	150.924
23872799	159.044
23882799	167.650
23892799	175.823
23902799	184.255
23912799	192.439
23953381	138.279
23953382	138.327
23953382	138.344
23953382	138.344
23962799	146.570
23972799	155.134
23982799	163.975
23992799	172.988
24002799	180.984
24012799	189.049
24075233	138.792
24075234	138.808
24075234	138.808
24075234	138.808
24075234	138.824
24075234	138.824
24082799	145.839
24092799	155.062
24102799	163.839
24112799	172.347
24122799	180.925
24132799	189.642
24232533	139.013
24232533	139.030
24232533	139.030
24232533	139.030
24232533	139.030
24232534	139.030
24232534	139.047
24232534	139.064
24232534	139.064
24232799	140.127
24242799	149.376
24252799	157.290
24262799	165.826
24272799	174.685
24282798	184.713
24292799	193.989
24337218	139.482
24337219	139.497
24337219	139.497
24337219	139.497
24342799	144.791
24352799	153.224
24362799	161.467
24372799	169.620
24382799	177.539
24392799	185.924
24453987	139.553
24453987	139.589
24453987	139.606
24453988	139.623
24453988	139.637
24453988	139.671
24462799	147.242
24472799	155.749
24482799	163.979
24492799	172.716
24502799	181.031
24512799	189.450
24565931	140.158
24565932	140.175
24565932	140.175
24565932	140.175
24565932	140.190
24572799	146.573
24582799	155.194
24592799	163.983
24602799	175.041
24612799	183.512
24622799	191.915
24668911	140.022
24668911	140.037
24668911	140.037
24668911	140.037
24672799	143.669
24682799	151.797
24692799	159.565
24702799	167.702
24712808	175.973
24722799	184.196
24732799	192.186
24867618	140.392
24867618	140.407
24867618	140.423
24867618	140.468
24867618	140.500
24867618	140.517
24867619	140.517
24867619	140.517
24867619	140.517
24867619	140.517
24867619	140.517
24867619	140.517
24867619	140.517
24872799	145.111
24882799	153.461
24892799	161.755
24902799	170.269
24912799	178.840
24922799	187.383
24996503	140.949
24996503	140.949
24996503	140.965
24996503	140.980
24996503	140.980
24996503	140.996
24996503	140.996
25002799	147.047
25012799	155.768
25022799	164.196
25032799	172.959
25042799	181.233
25052799	189.024
25106923	141.020
25106990	142.076
25106991	142.076
25106991	142.076
25106991	142.076
25112799	146.147
25122799	154.169
25132799	162.076
25142798	169.998
25152799	178.131
25162799	186.874
25248043	141.848
25248043	141.893
25248043	141.908
25248044	141.908
25248044	141.908
25248044	141.908
25248044	141.908
25248044	141.908
25252799	146.084
25262799	154.340
25272799	164.351
25282799	172.866
25292799	181.234
25302799	189.498
25387743	141.667
25387743	141.667
25387743	141.667
25387743	141.683
25387744	141.683
25387744	141.683
25387744	141.683
25387744	141.683
25392799	146.369
25402799	154.676
25412799	163.242
25422799	171.675
25432799	180.017
25442798	189.353
25586929	142.013
25586929	142.102
25586929	142.133
25586929	142.133
25586929	142.147
25586929	142.147
25586930	142.175
25586930	142.207
25586930	142.236
25586930	142.236
25586930	142.236
25586930	142.251
25586930	142.251
25586930	142.269
25592799	148.543
25602799	159.027
25612799	168.250
25622799	177.337
25632799	187.083
25790176	142.699
25790177	142.699
25790177	142.699
25790177	142.699
25790177	142.714
25790177	142.714
25790177	142.714
25790177	142.729
25790177	142.744
25790177	142.744
25790177	142.758
25790177	142.788
25790255	143.733
25790256	143.733
25790256	143.733
25792799	145.457
25802799	154.869
25812798	163.751
25822799	172.418
25832799	181.111
25842799	189.652
25909652	142.407
25909653	142.422
25909653	142.422
25909653	142.422
25909653	142.422
25909653	142.422
25912799	145.898
25922799	154.430
25932799	163.405
25942799	172.340
25952799	181.021
25962799	189.921
26019526	143.111
26019526	143.126
26019526	143.139
26019526	143.139
26019526	143.153
26022799	146.297
26032802	155.078
26042799	165.044
26052799	174.417
26062799	182.964
26072799	191.293
26124570	142.786
26124570	142.802
26124570	142.802
26124570	142.816
26124570	142.816
26132799	150.695
26142799	159.042
26152799	167.941
26162799	176.548
26172799	185.077
26252204	143.086
26252204	143.133
26252204	143.133
26252204	143.133
26252204	143.133
26252204	143.133
26252204	143.146
26252799	144.103
26262799	152.913
26272799	161.564
26282799	170.326
26292798	179.042
26302799	187.560
26354915	143.238
26354915	143.238
26354915	143.252
26354915	143.252
26354915	143.266
26362799	150.956
26372799	159.832
26382799	168.668
26392799	176.986
26402799	186.115
26464599	143.288
26464600	143.288
26464600	143.288
26464600	143.302
26464600	143.319
26464600	143.319
26472799	151.072
26482799	159.785
26492799	168.267
26502799	177.597
26512799	187.938
26578534	144.091
26578534	144.120
26578534	144.120
26578534	144.120
26578534	144.136
26578534	144.167
26582799	148.321
26592799	158.580
26602799	165.461
26612798	169.307
26622798	173.165
26632798	176.959
26642798	180.728
26652798	184.574
26662798	188.470
26672799	192.315
26748521	156.955
26748521	157.184
26748521	157.184
26748521	157.184
26748522	157.184
26748522	157.184
26748522	157.184
26752799	159.018
26762798	163.372
26772799	167.955
26782798	172.538
26792798	176.434
26802798	180.559
26812799	184.684
26822798	188.580
26832799	192.017
26905823	173.080
26905823	173.080
26905824	173.080
26905824	173.080
26905824	173.080
26905824	173.080
26905824	173.080
26912799	176.784
26922798	181.311
26932799	185.838
26942798	190.365
27027463	181.794
27027463	181.794
27027463	182.212
27027464	182.212
27027464	182.212
27027464	182.212
27027464	182.212
27027464	182.212
27032799	185.133
27042799	190.975
27183632	186.377
27183632	186.377
27183632	186.377
27183632	186.377
27183632	186.693
27183632	186.693
27183632	186.693
27183632	186.693
27183632	186.693
27183633	186.693
27183633	186.693
27183633	186.693
27183633	186.693
27183633	186.693
27192798	188.584
27202799	191.105
27212798	193.627
27450577	186.377
27450577	186.638
27450577	186.638
27450577	186.638
27450577	186.638
27450577	186.638
27450577	186.638
27450578	186.638
27450578	186.638
27450578	186.638
27450578	186.638
27450578	186.638
27450578	186.638
27450578	186.638
27450578	186.638
27450578	186.638
27450578	186.638
27450578	186.638
27450578	186.638
27450579	186.638
27450579	186.638
27450579	186.638
27450579	186.638
27452798	187.160
27462798	189.245
27472798	191.070
27482798	192.895
27544061	186.377
27544062	186.603
27544062	186.603
27544062	186.603
27544062	186.603
27544062	186.603
27552799	188.187
27562799	190.675
27572799	193.390
27622946	186.377
27622946	186.581
27622946	186.581
27622946	186.581
27622946	186.581
27632799	189.432
27642798	192.487
27707735	186.566
27707736	186.566
27707736	186.566
27707736	186.566
27707736	186.566
27707736	186.566
27712798	188.078
27722798	191.103
27732798	194.127
27798112	186.377
27798112	186.557
27798112	186.557
27798112	186.557
27798112	186.557
27798112	186.557
27802798	187.993
27812799	191.044
27822798	193.737
27878239	186.551
27878239	186.551
27878239	186.551
27878240	186.551
27878240	186.551
27882798	187.937
27892798	190.883
27939393	186.546
27939394	186.547
27939394	186.547
27939394	186.547
27942798	187.901
27952798	190.948
27962798	193.487
28003030	186.377
28003030	186.377
28003030	186.377
28003030	186.543
28012798	189.692
28022799	192.509
28072969	186.377
28072969	186.541
28072969	186.541
28072969	186.541
28072969	186.541
28082798	189.488
28092799	192.762
28134206	186.541
28134206	186.541
28134207	186.541
28134207	186.541
28142799	189.155
28152799	192.260
28197853	186.540
28197853	186.540
28197853	186.540
28197853	186.540
28202798	188.006
28212798	190.937
28222798	193.542
28267099	186.540
28267099	186.540
28267099	186.540
28267099	186.540
28272798	188.165
28282798	191.414
28332490	194.468
28332490	186.377
28332490	186.377
28332490	186.539
28332798	186.539
28342799	189.443
28352798	192.347
28403758	186.539
28403759	186.539
28403759	186.539
28403759	186.539
28403759	186.539
28412799	190.269
28631799	186.396
28631802	186.419
28631802	186.419
28631802	186.419
28631802	186.419
28631803	186.431
28631803	186.453
28631803	186.453
28631804	186.453
28631804	186.453
28631804	186.465
28631804	186.465
28631804	186.476
28631805	186.476
28631805	186.487
28631805	186.499
28631805	186.510
28631805	186.522
28631805	186.522
28631805	186.522
28631805	186.522
28632798	187.299
28642798	190.157
28652798	193.014
28728249	186.445
28728249	186.601
28728249	186.601
28728249	186.601
28728250	186.601
28728250	186.601
28728250	186.601
28732798	187.949
28742798	190.905
28752798	193.862
28813592	186.510
28813593	186.664
28813593	186.664
28813593	186.664
28813593	186.664
28813593	186.664
28822798	189.291
28832798	192.227
28898888	186.737
28898889	186.737
28898889	186.737
28898889	186.737
28898889	186.737
28898889	186.737
28902799	187.674
28912798	190.644
28922798	193.457
28982673	186.648
28982674	186.805
28982674	186.805
28982674	186.805
28982674	186.805
28982798	186.805
28992798	189.157
29002798	191.508
29012798	194.174
29085966	186.702
29085966	186.858
29085966	186.858
29085966	186.858
29085966	186.858
29085966	186.858
29085967	186.858
29092798	188.582
29102798	191.245
29112798	193.908
29195457	186.771
29195457	186.927
29195457	186.927
29195457	186.927
29195457	186.927
29195458	186.927
29195458	186.927
29195458	186.927
29202799	188.802
29212798	191.144
29222798	193.643
29284054	187.001
29284055	187.001
29284055	187.001
29284055	187.001
29284055	187.001
29284055	187.001
29292798	189.177
29302798	191.818
29312798	194.460
29372656	187.066
29372656	187.066
29372656	187.066
29372657	187.066
29372657	187.066
29372798	187.066
29382798	189.999
29392798	192.623
29456832	186.981
29456832	187.134
29456832	187.134
29456833	187.134
29456833	187.134
29456833	187.134
29462798	188.819
29472798	191.577
29482798	194.335
29541464	187.048
29541465	187.200
29541465	187.200
29541465	187.200
29541465	187.200
29542798	187.504
29552799	190.392
29562798	193.280
29625219	187.266
29625219	187.266
29625220	187.266
29625220	187.266
29625220	187.266
29625220	187.266
29632798	189.376
29642798	192.240
29721339	187.330
29721339	187.330
29721340	187.330
29721340	187.330
29721340	187.330
29721340	187.330
29721340	187.330
29722798	187.629
29732798	190.618
29742798	193.607
29814893	187.248
29814894	187.396
29814894	187.396
29814894	187.396
29814894	187.396
29814894	187.396
29814894	187.396
29822798	190.507
29832799	193.322
29895044	187.439
29895044	187.439
29895044	187.439
29895044	187.439
29895044	187.439
29895044	187.439
29902798	189.495
29912798	192.432
29968113	187.502
29968114	187.502
29968114	187.502
29968114	187.502
29968114	187.502
29972798	188.521
29982798	190.852
29992798	193.183
30051409	187.420
30051409	187.564
30051410	187.564
30051410	187.564
30051410	187.564
30052798	187.853
30062798	190.887
30072798	193.632
30131222	187.628
30131222	187.628
30131222	187.628
30131222	187.628
30131222	187.628
30132798	188.057
30142798	191.208
30152798	193.787
30219289	187.682
30219289	187.682
30219289	187.682
30219289	187.682
30219289	187.682
30219289	187.682
30222798	188.534
30232798	191.232
30242798	194.072
30317935	187.741
30317935	187.741
30317936	187.741
30317936	187.741
30317936	187.741
30317936	187.741
30317936	187.741
30322798	189.008
30332798	191.823
30394435	187.802
30394436	187.802
30394436	187.802
30394436	187.802
30394436	187.802
30394436	187.802
30402798	190.315
30412799	193.246
30464222	187.862
30464222	187.862
30464223	187.862
30464223	187.862
30464223	187.862
30472798	190.214
30482798	193.120
30532841	187.786
30532841	187.923
30532841	187.923
30532841	187.923
30532841	187.923
30542799	190.803
30552798	193.683
30603642	187.981
30603643	187.981
30603643	187.981
30603643	187.981
30603643	187.981
30612799	190.699
30673198	188.022
30673198	188.022
30673198	188.022
30673199	188.022
30673199	188.022
30673199	188.022
30682798	190.851
30692799	194.084
30755208	187.946
30755209	188.080
30755209	188.080
30755209	188.080
30755209	188.080
30755209	188.080
30762798	190.218
30772798	193.425
30829542	188.138
30829543	188.138
30829543	188.138
30829543	188.138
30829543	188.138
30832804	189.065
30842798	191.848
30899970	188.196
30899970	188.196
30899970	188.196
30899970	188.196
30899970	188.196
30902799	188.721
30912799	190.955
30922798	193.056
30986783	188.113
30986783	188.244
30986783	188.244
30986784	188.244
30986784	188.244
30986784	188.244
30992799	189.676
31002798	192.280
31061535	188.295
31061535	188.295
31061535	188.295
31061535	188.295
31061536	188.295
31062798	188.554
31072799	191.394
31082798	193.976
31133076	188.351
31133076	188.351
31133076	188.351
31133076	188.351
31133076	188.351
31142799	191.680
31209047	188.373
31209047	188.373
31209048	188.373
31209048	188.373
31209048	188.373
31209048	188.373
31212799	189.896
31222798	193.704
31261225	188.257
31261226	188.383
31261226	188.383
31262798	188.761
31272798	191.534
31282798	194.434
31326747	188.439
31326748	188.439
31326748	188.439
31326748	188.439
31332798	190.195
31342798	193.080
31405904	188.493
31405906	188.494
31405906	188.494
31405906	188.494
31405906	188.494
31405906	188.494
31412798	190.362
31422798	193.353
31491301	188.548
31491301	188.548
31491301	188.548
31491301	188.548
31491301	188.548
31491302	188.548
31492798	188.919
31502798	192.134
31573069	188.470
31573069	188.593
31573069	188.593
31573070	188.593
31573070	188.593
31573070	188.593
31573070	188.593
31582798	191.292
31592798	194.237
31653251	188.646
31653251	188.646
31653252	188.646
31653252	188.646
31653252	188.646
31653252	188.646
31662798	191.568
31672798	194.368
31729380	188.697
31729380	188.697
31729381	188.697
31729381	188.697
31729381	188.697
31732798	189.542
31742798	192.560
31802682	188.748
31802683	188.748
31802683	188.748
31802683	188.748
31802683	188.748
31802798	188.748
31812798	191.741
31865713	188.800
31865714	188.800
31865714	188.800
31865714	188.800
31865714	188.800
31872798	191.292
31882799	194.259
31931163	188.845
31931164	188.845
31931164	188.845
31931164	188.845
31932798	189.316
31942798	192.257
31995108	188.889
31995108	188.889
31995108	188.889
31995108	188.889
31995109	188.889
32002798	191.922
32058012	188.919
32058013	188.919
32058013	188.919
32058013	188.919
32058013	188.919
32062798	190.192
32072798	193.084
32130550	188.853
32130551	188.968
32130551	188.968
32130551	188.968
32130551	188.968
32132798	189.427
32142799	192.299
32195509	189.017
32195509	189.017
32195509	189.017
32195509	189.017
32195509	189.017
32202799	191.182
32212799	194.031
32257314	189.067
32257314	189.067
32257314	189.067
32257315	189.067
32262798	190.650
32272798	193.927
32311492	189.117
32311492	189.117
32311492	189.117
32312798	189.453
32322798	192.815
32376347	189.156
32376347	189.156
32376347	189.156
32376347	189.156
32376348	189.156
32382798	190.933
32392798	193.821
32441595	189.204
32441596	189.204
32441596	189.204
32441596	189.204
32442798	189.534
32452799	192.509
32500824	189.251
32500825	189.251
32500825	189.251
32500825	189.251
32502798	189.797
32512798	193.074
32551048	189.299
32551048	189.299
32551048	189.299
32552798	189.732
32562798	193.846
32617545	189.315
32617545	189.315
32617545	189.315
32617545	189.315
32617545	189.315
32622798	190.710
32632798	193.393
32680523	189.366
32680523	189.366
32680523	189.366
32680523	189.366
32682798	190.005
32692799	192.990
32735715	189.410
32735715	189.410
32735715	189.410
32735715	189.410
32742798	191.419
32786527	189.454
32786527	189.454
32786527	189.454
32786527	189.454
32792798	191.237
32802798	194.069
32851572	189.501
32851572	189.501
32851572	189.501
32851572	189.501
32852799	189.709
32862799	192.725
32911804	189.546
32911804	189.546
32911804	189.546
32911805	189.546
32912798	189.752
32922798	193.051
32960577	189.589
32960577	189.589
32960577	189.589
32962798	190.202
32972798	193.165
33023720	189.633
33023720	189.633
33023720	189.633
33023721	189.633
33023721	189.633
33032798	192.874
33079384	189.662
33079384	189.662
33079384	189.662
33079384	189.662
33082798	190.565
33092798	193.677
33134963	189.704
33134964	189.704
33134964	189.704
33134964	189.704
33142798	191.895
33194165	189.749
33194165	189.749
33194165	189.749
33194165	189.749
33194165	189.749
33202798	192.317
33268025	189.790
33268026	189.790
33268026	189.790
33268026	189.790
33268026	189.790
33268026	189.790
33272798	191.063
33282798	194.197
33329984	189.824
33329984	189.824
33329984	189.824
33329984	189.824
33332798	190.601
33342799	193.708
33381655	189.867
33381655	189.867
33381655	189.867
33382798	190.156
33392798	193.719
33437085	189.793
33437085	189.888
33437085	189.888
33437086	189.888
33442798	191.988
33510158	189.919
33510158	189.919
33510158	189.919
33510159	189.919
33510159	189.919
33510159	189.919
33512798	190.582
33522798	193.425
33570721	189.959
33570721	189.959
33570721	189.959
33570722	189.959
33572798	190.524
33582798	193.724
33621233	190.000
33621233	190.000
33621234	190.000
33622798	190.373
33632798	193.455
33677308	190.041
33677308	190.041
33677308	190.041
33677309	190.041
33682798	191.616
33733735	190.074
33733735	190.074
33733736	190.074
33733736	190.074
33733736	190.074
33742799	192.830
33788790	190.113
33788790	190.113
33788790	190.113
33788791	190.113
33792798	191.206
33802798	194.303
33841708	190.062
33841709	190.152
33841709	190.152
33842799	190.423
33852798	193.404
33900496	190.188
33900496	190.188
33900496	190.188
33900496	190.188
33902799	190.905
33912799	193.591
33952483	190.138
33952484	190.227
33952484	190.227
33952798	190.227
33962799	193.157
34009994	190.166
34009995	190.254
34009995	190.254
34009995	190.254
34012798	190.958
34022799	193.511
34081164	190.291
34081164	190.291
34081164	190.291
34081164	190.291
34081164	190.291
34082798	190.640
34092798	193.347
34144107	190.327
34144107	190.327
34144107	190.327
34144107	190.327
34144107	190.327
34152799	193.012
34199407	190.365
34199407	190.365
34199408	190.365
34199408	190.365
34202798	191.310
34248943	190.396
34248943	190.396
34248943	190.396
34248943	190.396
34252798	191.417
34262798	194.312
34315565	190.348
34315566	190.432
34315566	190.432
34315566	190.432
34315566	190.432
34322799	192.543
34361383	190.383
34361384	190.467
34361384	190.467
34362799	191.053
34414811	194.468
34414812	190.490
34414812	190.490
34414812	190.490
34414812	190.490
34422798	192.636
34475369	190.442
34475369	190.525
34475369	190.525
34475369	190.525
34475370	190.525
34482799	192.749
34529857	190.476
34529857	190.558
34529857	190.558
34529857	190.558
34532798	191.866
34743375	190.476
34743375	190.557
34743376	190.557
34743376	190.557
34743376	190.557
34743376	190.557
34743376	190.557
34743376	190.557
34743376	190.557
34743376	190.558
34743376	190.558
34743376	190.558
34743376	190.558
34743376	190.558
34743376	190.558
34743376	190.558
34743377	190.558
34743377	190.558
34743377	190.558
34743377	190.558
34743377	190.558
34752798	193.395
34833401	190.476
34833401	190.557
34833401	190.557
34833401	190.557
34833401	190.557
34833401	190.557
34833401	190.557
34833402	190.557
34842798	194.347
34886820	190.476
34886820	190.557
34886820	190.557
34886820	190.557
34892798	192.726
34934856	190.476
34934856	190.557
34934856	190.557
34934856	190.557
34942799	193.923
34977452	190.476
34977453	190.556
34977453	190.556
34982799	192.237
35029595	190.484
35029596	190.564
35029596	190.564
35029596	190.564
35032798	191.444
35084932	190.601
35084932	190.601
35084932	190.601
35084932	190.601
35084932	190.601
35092798	192.678
35157265	190.558
35157265	190.637
35157265	190.637
35157266	190.637
35157266	190.637
35157266	190.637
35162798	192.228
35230853	190.592
35230853	190.671
35230854	190.671
35230854	190.671
35230854	190.671
35230854	190.671
35232798	191.145
35242798	194.071
35289705	190.706
35289705	190.706
35289705	190.706
35289705	190.706
35292799	191.727
35342102	190.740
35342102	190.740
35342102	190.740
35342102	190.740
35342799	190.895
35352798	193.934
35398254	190.690
35398255	190.767
35398255	190.767
35398255	190.767
35402798	192.081
35465086	190.800
35465086	190.800
35465086	190.800
35465086	190.800
35465086	190.800
35465086	190.800
35472799	193.023
35516539	190.833
35516539	190.833
35516539	190.833
35516539	190.833
35522798	192.734
35564135	190.790
35564135	190.866
35564135	190.866
35564135	190.866
35572798	193.430
35620445	190.896
35620445	190.896
35620445	190.896
35620445	190.896
35622798	191.569
35667310	190.927
35667310	190.927
35667310	190.927
35667310	190.927
35672799	192.409
35723698	190.886
35723699	190.960
35723699	190.960
35723699	190.960
35723699	190.960
35732799	193.311
35778044	190.991
35778044	190.991
35778044	190.991
35778044	190.991
35782798	192.520
35821218	191.019
35821218	191.019
35821218	191.019
35822798	191.596
35832798	194.195
35881664	191.048
35881664	191.048
35881664	191.048
35881664	191.048
35882798	191.334
35892798	194.196
35967307	191.006
35967308	191.077
35967308	191.077
35967308	191.077
35967308	191.077
35967308	191.077
35967308	191.077
35972798	192.497
36019138	191.038
36019139	191.108
36019139	191.108
36019139	191.108
36022798	192.867
36250841	191.038
36250841	191.038
36250841	191.038
36250842	191.108
36250842	191.108
36250842	191.108
36250842	191.108
36250843	191.108
36250843	191.108
36250843	191.108
36250843	191.108
36250843	191.108
36250843	191.108
36250843	191.108
36250843	191.108
36250843	191.108
36250843	191.108
36250843	191.108
36250843	191.108
36250843	191.108
36250844	191.108
36250844	191.108
36252799	191.596
36262798	194.385
36349089	191.138
36349091	191.138
36349091	191.138
36349091	191.138
36349091	191.138
36349091	191.138
36349091	191.138
36349091	191.138
36352799	192.247
36421406	191.167
36421406	191.167
36421406	191.167
36421406	191.167
36421406	191.167
36421406	191.167
36422798	191.511
36432798	194.334
36498046	191.193
36498047	191.193
36498047	191.193
36498047	191.193
36498047	191.193
36498047	191.193
36502798	192.492
36567248	191.223
36567249	191.223
36567249	191.223
36567249	191.223
36567249	191.223
36567249	191.223
36572799	192.715
36614552	191.252
36614552	191.252
36614552	191.252
36614552	191.252
36622799	194.010
36661023	191.211
36661023	191.278
36661023	191.278
36662798	191.678
36716944	191.307
36716944	191.307
36716944	191.307
36716945	191.307
36716945	191.307
36722798	193.093
36759865	191.335
36759866	191.335
36759866	191.335
36762798	192.122
36825573	191.351
36825573	191.351
36825573	191.351
36825573	191.351
36825573	191.351
36825573	191.351
36832798	193.301
36881347	191.317
36881347	191.382
36881347	191.382
36881347	191.382
36882798	191.833
36925022	191.408
36925022	191.408
36925023	191.408
36925023	191.409
36932798	193.584
36979179	191.436
36979180	191.436
36979180	191.436
36979180	191.436
36982798	192.452
37014865	191.463
37014865	191.463
37014865	191.463
37022798	193.979
37063235	191.421
37063235	191.484
37063235	191.484
37063235	191.484
37072798	194.103
37103584	191.511
37103584	191.511
37103584	191.511
37112798	194.295
37148866	191.538
37148867	191.538
37148867	191.538
37152798	192.704
37193915	191.559
37193916	191.559
37193916	191.559
37193916	191.559
37231138	191.578
37231139	191.578
37231139	191.578
37232799	191.940
37281683	191.604
37281683	191.604
37281683	191.604
37281683	191.604
37282798	191.903
37322265	191.630
37322265	191.630
37322265	191.630
37322799	191.748
37390971	191.652
37390972	191.652
37390972	191.652
37390972	191.652
37390972	191.652
37390972	191.652
37392798	192.182
37455860	191.657
37455860	191.657
37455860	191.657
37455860	191.657
37455860	191.657
37455860	191.657
37480062	191.657
37480062	191.657
37482798	192.759
37534572	191.666
37534572	191.666
37534572	191.666
37534572	191.666
37534572	191.666
37542798	194.210
37592843	191.633
37592843	191.691
37592843	191.691
37592844	191.691
37592844	191.691
37602798	193.822
37648637	191.719
37648637	191.719
37648638	191.719
37648638	191.719
37652798	192.865
37714268	191.686
37714268	191.743
37714268	191.743
37714268	191.743
37714269	191.743
37714269	191.743
37722798	193.961
37755675	191.768
37755675	191.768
37755675	191.768
37762798	193.969
37804213	191.792
37804214	191.792
37804214	191.792
37804214	191.792
37812798	194.086
37854731	191.817
37854732	191.817
37854732	191.817
37854732	191.817
37862798	194.315
37899468	191.841
37899469	191.841
37899469	191.841
37902798	192.776
37960191	191.864
37960191	191.864
37960191	191.864
37960191	191.864
37960191	191.864
37962798	192.573
38001291	191.887
38001291	191.887
38001291	191.887
38002798	192.320
38043582	191.912
38043582	191.912
38043582	191.912
38043582	191.912
38088551	191.935
38088551	191.935
38088551	191.935
38088551	191.935
38092798	193.740
38126676	191.946
38126676	191.946
38126676	191.946
38132799	193.525
38174183	191.971
38174183	191.971
38174183	191.971
38174183	191.971
38211203	191.992
38211203	191.992
38211204	191.992
38212799	192.354
38262224	192.015
38262224	192.015
38262224	192.015
38262224	192.015
38262798	192.118
38292890	191.986
38292890	192.037
38292890	192.037
38336357	192.059
38336357	192.059
38336357	192.059
38336357	192.059
38342798	194.127
38369164	192.031
38369164	192.081
38372798	193.182
38409897	192.103
38409897	192.103
38409898	192.103
38412798	192.945
38448236	192.075
38448236	192.124
38448236	192.124
38452798	193.892
38503530	192.127
38503530	192.127
38503530	192.127
38503531	192.127
38503531	192.127
38533258	192.135
38533258	192.135
38533258	192.135
38575828	192.156
38575828	192.157
38575828	192.157
38575828	192.157
38582798	194.321
38611525	192.178
38611526	192.178
38612798	192.512
38645458	192.198
38645458	192.198
38645459	192.198
38683799	192.219
38683799	192.219
38683799	192.219
38683799	192.219
38714809	192.235
38714809	192.235
38714809	192.235
38757495	192.256
38757495	192.256
38757495	192.256
38757495	192.256
38762798	193.922
38788831	192.230
38788831	192.276
38792799	193.423
38832850	192.295
38832850	192.295
38832850	192.295
38832851	192.295
38871791	192.306
38871791	192.306
38871791	192.306
38872798	192.576
38937135	192.279
38937136	192.324
38937136	192.324
38937136	192.324
38937136	192.324
38937137	192.324
38942798	193.846
38977310	192.298
38977310	192.343
38977310	192.343
38982798	194.030
39015569	192.362
39015569	192.362
39015569	192.362
39022799	194.344
39049985	192.380
39049985	192.380
39052798	193.210
39093512	192.400
39093513	192.400
39093513	192.400
39093513	192.400
39128155	192.414
39128156	192.414
39128156	192.414
39132799	193.788
39167691	192.434
39167692	192.434
39167692	192.434
39172799	193.966
39198587	192.451
39198587	192.451
39202798	193.591
39237441	192.470
39237442	192.470
39237442	192.470
39242798	194.186
39266374	192.488
39266374	192.488
39311497	192.502
39311497	192.502
39311497	192.502
39311497	192.502
39312798	192.872
39348395	192.520
39348395	192.520
39348395	192.520
39352799	193.702
39391691	192.538
39391691	192.538
39391691	192.538
39392798	192.821
39430910	192.514
39430910	192.554
39430910	192.554
39432798	193.075
39476784	192.531
39476784	192.571
39476784	192.571
39476785	192.571
39517255	192.585
39517255	192.585
39517255	192.585
39517256	192.585
39568255	192.589
39568255	192.589
39568255	192.589
39568256	192.589
39568256	192.589
39572798	193.955
39596735	192.569
39596735	192.608
39602798	194.277
39641155	192.625
39641156	192.625
39641156	192.625
39642798	193.125
39674194	192.603
39674194	192.641
39674194	192.641
39724229	192.657
39724229	192.657
39724229	192.657
39724229	192.657
39724229	192.657
39754799	192.673
39754800	192.673
39754800	192.673
39799073	192.690
39799073	192.690
39799073	192.690
39799073	192.690
39802798	193.844
39835541	192.706
39835541	192.706
39835542	192.706
39879779	192.721
39879779	192.721
39879780	192.721
39879780	192.721
39882798	193.672
39915691	192.737
39915691	192.737
39915691	192.737
39956267	192.753
39956267	192.753
39956268	192.753
39956268	192.753
39993657	192.760
39993658	192.760
39993658	192.760
39993658	192.760
40034345	192.776
40034345	192.777
40034345	192.777
40034345	192.777
40075797	192.791
40075797	192.791
40075797	192.791
40075797	192.791
40112496	192.807
40112496	192.807
40112496	192.807
40112798	192.842
40151760	192.822
40151761	192.822
40151761	192.822
40152798	193.097
40182013	192.837
40182013	192.837
40182798	193.110
40222701	192.848
40222701	192.848
40222701	192.848
40222798	192.848
40251680	192.829
40251680	192.863
40252798	193.198
40291941	192.871
40291941	192.871
40291941	192.871
40292798	193.137
40323797	192.852
40323798	192.885
40323798	192.885
40365368	192.899
40365368	192.899
40365368	192.899
40365368	192.899
40399481	192.881
40399481	192.914
40399482	192.914
40402798	193.987
40432071	192.894
40432071	192.926
40432798	193.120
40468464	192.940
40468464	192.940
40468464	192.940
40472798	194.347
40498569	192.954
40498569	192.954
40502798	194.380
40557021	192.930
40557021	192.962
40557021	192.962
40557021	192.962
40557021	192.962
40586070	192.976
40586070	192.976
40586070	192.976
40620991	192.989
40620991	192.989
40620991	192.989
40622799	193.546
40649149	193.002
40649149	193.002
40652799	193.800
40692489	193.015
40692489	193.015
40692489	193.015
40692798	193.076
40727115	193.028
40727116	193.028
40727116	193.028
40759739	193.038
40759739	193.038
40759739	193.038
40762798	193.934
40794082	193.051
40794082	193.051
40794083	193.051
40823604	193.064
40823604	193.064
40823604	193.064
40863733	193.076
40863734	193.076
40863734	193.076
40863734	193.076
40906627	193.076
40906628	193.076
40906628	193.076
40906628	193.076
41109176	193.047
41109177	193.076
41109177	193.076
41109177	193.076
41109177	193.076
41109177	193.076
41109177	193.076
41109177	193.076
41109177	193.076
41109177	193.076
41109178	193.076
41109178	193.076
41109178	193.076
41109178	193.076
41109178	193.076
41109178	193.076
41109178	193.076
41109178	193.076
41109178	193.076
41109178	193.076
41112799	194.254
41191932	193.047
41191932	193.076
41191932	193.076
41191932	193.076
41191932	193.076
41191932	193.076
41191932	193.076
41192798	193.391
41217664	193.047
41217664	193.076
41242458	193.076
41242458	193.076
41242798	193.190
41275125	193.047
41275125	193.076
41275125	193.076
41298505	193.076
41298505	193.076
41302798	194.412
41340006	193.088
41340006	193.088
41340007	193.088
41342798	193.941
41365779	193.073
41365779	193.101
41403195	193.113
41403195	193.113
41403195	193.113
41403195	193.113
41434464	193.125
41434464	193.125
41434464	193.125
41466526	193.137
41466526	193.137
41466526	193.137
41502863	193.150
41502863	193.150
41502863	193.150
41502863	193.150
41526912	193.164
41526912	193.164
41561156	193.177
41561156	193.177
41561156	193.177
41562798	193.638
41597953	193.188
41597953	193.188
41597953	193.188
41630213	193.201
41630213	193.201
41630213	193.201
41632798	193.999
41662032	193.213
41662032	193.213
41662798	193.397
41684380	193.198
41684380	193.224
41722168	193.232
41722168	193.232
41722168	193.232
41722798	193.362
41755107	193.218
41755107	193.243
41755107	193.243
41788921	193.253
41788922	193.253
41788922	193.253
41792798	194.422
41831016	193.264
41831016	193.264
41831016	193.264
41832799	193.718
41857169	193.276
41857170	193.276
41895060	193.287
41895060	193.287
41895060	193.287
41895060	193.287
41924407	193.298
41924407	193.298
41924408	193.298
41956923	193.308
41956923	193.308
41956923	193.308
41993584	193.318
41993584	193.318
41993584	193.318
41993584	193.318
42020851	193.305
42020851	193.329
42022798	193.878
42053351	193.317
42053351	193.341
42053351	193.341
42082686	193.351
42082686	193.351
42082798	193.351
42112143	193.359
42112144	193.359
42112798	193.522
42145779	193.370
42145779	193.370
42145779	193.370
42168847	193.357
42168848	193.380
42200006	193.389
42200007	193.389
42200007	193.389
42202798	194.247
42232514	193.400
42232514	193.400
42232798	193.444
42254293	193.410
42254293	193.410
42286624	193.419
42286625	193.419
42286625	193.419
42318169	193.429
42318169	193.429
42318170	193.429
42345576	193.437
42345576	193.437
42345576	193.437
42379023	193.425
42379023	193.447
42379023	193.447
42410385	193.456
42410385	193.456
42410385	193.456
42412798	194.134
42439261	193.465
42439262	193.465
42469964	193.475
42469964	193.475
42469964	193.475
42472798	194.370
42494418	193.462
42494418	193.462
42524703	193.472
42524703	193.493
42524704	193.493
42558744	193.501
42558744	193.501
42558744	193.501
42582587	193.510
42582588	193.510
42582798	193.530
42752882	193.509
42752882	193.509
42752882	193.510
42752882	193.510
42752882	193.510
42752882	193.510
42752882	193.510
42752882	193.510
42752882	193.510
42752882	193.510
42752882	193.510
42752882	193.510
42752882	193.510
42752882	193.510
42752882	193.510
42752883	193.510
42752883	193.510
42831296	193.509
42831296	193.509
42831296	193.509
42831296	193.509
42831296	193.509
42831296	193.509
42831297	193.509
42832799	193.984
42866954	193.517
42866954	193.517
42866954	193.517
42905666	193.508
42905666	193.528
42905666	193.528
42905666	193.528
42934709	193.536
42934709	193.536
42934709	193.536
42968958	193.545
42968958	193.545
42968958	193.546
42994422	193.553
42994423	193.553
42994423	193.553
43030394	193.561
43030394	193.561
43030394	193.561
43032798	194.263
43068464	193.569
43068465	193.569
43068465	193.569
43100849	193.577
43100849	193.577
43100849	193.577
43102798	194.211
43138049	193.585
43138049	193.585
43138049	193.585
43161544	193.592
43161544	193.592
43162798	193.904
43200115	193.582
43200115	193.601
43200115	193.601
43202798	194.345
43232810	193.609
43232810	193.609
43232810	193.609
43262019	193.617
43262019	193.617
43262798	193.796
43294109	193.606
43294109	193.624
43294109	193.624
43317922	193.615
43317922	193.632
43351127	193.639
43351128	193.639
43351128	193.639
43352799	194.073
43381516	193.647
43381516	193.647
43382798	194.026
43404131	193.638
43404132	193.655
43436919	193.662
43436919	193.662
43436919	193.662
43471667	193.652
43471667	193.669
43471668	193.669
43472798	193.970
43497983	193.660
43497983	193.676
43533594	193.684
43533594	193.684
43533595	193.684
43533595	193.684
43562111	193.675
43562111	193.691
43562798	193.870
43596748	193.698
43596748	193.698
43596748	193.698
43635048	193.686
43635049	193.702
43635049	193.702
43635049	193.702
43652761	193.686
43652798	193.702
43688361	193.710
43688361	193.710
43688361	193.710
43721379	193.718
43721379	193.718
43721379	193.718
43722798	194.125
43754233	193.724
43754233	193.724
43754233	193.724
43794147	193.731
43794148	193.731
43794148	193.731
43794148	193.731
43817984	193.736
43817985	193.736
43850341	193.743
43850341	193.743
43850341	193.743
43881896	193.749
43881896	193.749
43881896	193.749
43882798	193.990
43908938	193.756
43908938	193.756
43941038	193.763
43941038	193.763
43941038	193.763
43942798	194.309
43966146	193.769
43966146	193.769
43996175	193.775
43996175	193.775
43996175	193.775
44030593	193.767
44030593	193.782
44030593	193.782
44052334	193.787
44052334	193.787
44052799	193.873
44095359	193.788
44095359	193.788
44095359	193.788
44095359	193.788
44124387	193.788
44124388	193.788
44124389	193.788
44303479	193.788
44303480	193.788
44303480	193.788
44303480	193.788
44303480	193.788
44303480	193.788
44303480	193.788
44303480	193.788
44303480	193.788
44303480	193.788
44303481	193.788
44303481	193.788
44303481	193.788
44303481	193.788
44303481	193.788
44303481	193.788
44303481	193.788
44303481	193.788
44550464	193.788
44550465	193.788
44550465	193.788
44550465	193.788
44550465	193.788
44550465	193.788
44550466	193.788
44550466	193.788
44550466	193.788
44550466	193.788
44550466	193.788
44550466	193.788
44550466	193.788
44550466	193.788
44550467	193.788
44550467	193.788
44550467	193.788
44550467	193.788
44550467	193.788
44550467	193.788
44550467	193.788
44550467	193.788
44550467	193.788
44550468	193.788
44552798	194.331
44626973	193.774
44626973	193.788
44626973	193.788
44626973	193.788
44626973	193.788
44626973	193.788
44626973	193.788
44646768	193.788
44646768	193.788
44680655	193.779
44680655	193.779
44680656	193.779
