1148; 0
1346; 0
2163; 0
5162; 202
8162; 174
11162; 488
14162; 966
17162; 1368
20162; 1872
23162; 2351
26162; 2337
29162; 2320
32162; 2303
35162; 2283
38162; 2261
41162; 2240
44162; 2215
47162; 2167
50162; 2133
53162; 2117
56162; 2096
59162; 2067
62162; 2051
65162; 2029
68162; 2007
71162; 1988
74162; 1971
77162; 1952
80162; 1929
83162; 1902
86162; 1875
89162; 1830
92162; 1807
95162; 1778
98162; 1753
101162; 1726
104162; 1708
107162; 1687
110162; 1662
113162; 1635
116162; 1603
119162; 1574
122162; 1532
125162; 1475
128162; 1416
131162; 1328
134162; 1261
137162; 1198
140162; 1107
143162; 1043
146162; 981
149162; 914
152162; 835
155177; 766
158162; 682
161162; 613
164162; 524
167162; 379
170162; 219
173162; 35
175066; 0
178066; 1015
181179; 1673
184066; 1891
187066; 1895
190209; 1878
193066; 2444
196066; 3122
199066; 3238
202066; 3422
205066; 3587
208066; 4810
211066; 4968
214065; 6611
217262; 6590
220315; 6570
223187; 6548
226070; 6511
229070; 6497
232066; 6477
235066; 6456
238066; 6429
241066; 6397
244066; 6377
247066; 6349
250066; 6327
253066; 6301
256066; 6281
259066; 6728
262066; 7687
265070; 7786
268066; 8792
271066; 9003
274066; 10195
277066; 10488
280066; 11291
283066; 11925
286066; 12400
289070; 13348
292186; 13615
295138; 14221
298070; 14969
301066; 15265
304196; 15759
307179; 16252
310093; 17221
313161; 17643
316334; 18501
319066; 19050
322070; 19176
325066; 20044
328066; 20626
331066; 20978
334066; 21129
337070; 21606
340066; 22101
343066; 22475
346066; 22861
349066; 23219
352066; 23551
355066; 23831
358066; 24106
361132; 24738
364066; 25090
367066; 25585
370066; 25864
373066; 26523
376066; 26521
379066; 26485
382066; 26443
385066; 26387
388066; 26358
391070; 26328
394066; 26293
397070; 26262
400066; 26231
403066; 26200
406066; 26175
409066; 26138
412066; 26107
415066; 26062
418066; 26030
421066; 27342
424066; 27787
427070; 28778
430066; 29570
433070; 30249
436066; 31047
439070; 31904
442070; 32734
445066; 33524
448066; 34468
451070; 34837
454066; 35521
457070; 36203
460066; 37416
463066; 38046
466070; 38824
469066; 39517
472066; 40049
475066; 40527
478066; 41053
481066; 41573
484066; 42111
487066; 42542
490066; 43082
493066; 44375
496070; 44916
499066; 45722
502066; 46342
505070; 46363
508066; 46315
511065; 46272
514065; 46226
517066; 46184
520066; 46141
523066; 46094
526066; 46042
529066; 45993
532066; 45949
535066; 45911
538066; 45883
541066; 45853
544066; 45821
547066; 45786
550066; 45748
553066; 46666
556066; 47096
559066; 47666
562070; 48508
565111; 49224
568142; 49670
571065; 50117
574066; 50510
577066; 51172
580066; 51856
583066; 52172
586066; 52701
589066; 53056
592066; 53396
595066; 53836
598066; 54464
601066; 54934
604066; 55139
607066; 55099
610066; 55059
613066; 55023
616066; 54974
619066; 54932
622066; 56001
625066; 56685
628066; 57412
631066; 58087
634066; 58986
637066; 59501
640066; 60360
643066; 60874
646066; 61439
649066; 61890
652066; 62457
655066; 63017
658066; 63575
661066; 64328
664066; 64201
667066; 64693
670066; 67965
673065; 70763
676070; 73155
679066; 75847
682066; 76627
685070; 78471
688065; 81010
691066; 82352
694066; 82276
698564; 82274
700066; 82256
703070; 82239
706066; 82226
709066; 82206
712310; 82183
715066; 82161
718066; 82139
721066; 82110
724066; 82086
727066; 82073
730066; 82057
733066; 82034
736066; 82012
739066; 81997
742066; 81982
745066; 81962
748066; 81941
751066; 81924
754066; 81907
757066; 81894
760066; 81871
763066; 81822
766066; 81806
769379; 81789
772066; 81775
775070; 81758
778066; 81740
781066; 81714
784066; 81686
787066; 81664
790066; 81652
793066; 81635
796066; 81613
799066; 81596
802086; 81579
805706; 81558
808066; 81542
811314; 81522
814070; 81504
817066; 81491
820066; 81466
823066; 81449
826066; 81430
829070; 81412
832066; 81392
835070; 81366
838066; 81353
841348; 81340
844173; 81322
847066; 81305
850066; 81287
853066; 81272
856066; 81249
859066; 81230
862070; 81217
865066; 81204
868070; 81182
871066; 81161
874066; 81144
877070; 81122
880070; 81100
883070; 81073
886070; 81057
889070; 81035
892066; 80990
895070; 80986
898070; 80967
901071; 80943
904066; 80926
907066; 80886
910066; 80876
913066; 80856
916070; 80832
919066; 80816
922399; 80804
925066; 80789
928070; 80769
931066; 80747
934066; 80728
937066; 80709
940066; 80689
943066; 80666
946066; 80636
949065; 80608
952066; 80589
955066; 80567
958066; 80538
961066; 80519
964066; 80498
967066; 80468
970066; 80450
973066; 80430
976066; 80411
979066; 80384
982066; 80363
985066; 80339
988066; 80312
991066; 80290
994066; 80262
997066; 80242
1000066; 80212
1003066; 80193
1006066; 80172
1009066; 80151
1012066; 80115
1015066; 80075
1018066; 80053
1021066; 80030
1024066; 80002
1027066; 79982
1030066; 79963
1033066; 79922
1036066; 79901
1039066; 79879
1042066; 79856
1045066; 79836
1048066; 79807
1051066; 79785
1054066; 79762
1057066; 79736
1060066; 79708
1063066; 79688
1066066; 79660
1069066; 79640
1072066; 79619
1075065; 79571
1078066; 79547
1081066; 79526
1084116; 79504
1087070; 79479
1090251; 79458
1093095; 79434
1096066; 79409
1099070; 79379
1102135; 79349
1105070; 79325
1108066; 79296
1111066; 79258
1114146; 79238
1117066; 79205
1120066; 79172
1123066; 79148
1126103; 79122
1129070; 79099
1132156; 79062
1135095; 79040
1138065; 79010
1141066; 78976
1144066; 78946
1147066; 78915
1150066; 78889
1153066; 78867
1156066; 78836
1159066; 78809
1162066; 78781
1165066; 78756
1168066; 78730
1171066; 78702
1174066; 78679
1177066; 78655
1180066; 78623
1183066; 78600
1186070; 78576
1189070; 78547
1192066; 78510
1195070; 78486
1198066; 78458
1201066; 78432
1204070; 78409
1207070; 78374
1210070; 78346
1213066; 78318
1216066; 78292
1219066; 78268
1222066; 78240
1225066; 78206
1228066; 78179
1231066; 78154
1234066; 78121
1237066; 78095
1240070; 78067
1243066; 78044
1246066; 78018
1249066; 77994
1252070; 77960
1255070; 77938
1258066; 77910
1261066; 77887
1264066; 77863
1267066; 77836
1270066; 77807
1273066; 77783
1276066; 77753
1279066; 77725
1282066; 77699
1285066; 77674
1288066; 77647
1291066; 77626
1294066; 77597
1297066; 77573
1300066; 77546
1303070; 77523
1306066; 77497
1309070; 77468
1312066; 77446
1315066; 77413
1318066; 77390
1321066; 77342
1324066; 77318
1327066; 77291
1330066; 77254
1333065; 77230
1336066; 77207
1339066; 77178
1342066; 77149
1345066; 77123
1348066; 77086
1351066; 77056
1354066; 77028
1357066; 76992
1360066; 76963
1363066; 76931
1366066; 76902
1369066; 76870
1372066; 76844
1375070; 76814
1378066; 76783
1381070; 76751
1384070; 76718
1387066; 76687
1390065; 76658
1393066; 76630
1396066; 76601
1399070; 76574
1402070; 76542
1405070; 76513
1408076; 76481
1411066; 76449
1414065; 76417
1417070; 76373
1420066; 76335
1423065; 76301
1426070; 76272
1429070; 76241
1432066; 76210
1435222; 76176
1438066; 76156
1441066; 76149
1444066; 76130
1448019; 76112
1450066; 76094
1453084; 76085
1456066; 76064
1459070; 76042
1462070; 76018
1465070; 75997
1468066; 75970
1471066; 75946
1474066; 75916
1477226; 75901
1480066; 75882
1483070; 75863
1486066; 75841
1489066; 75824
1492066; 75805
1495066; 75788
1498070; 75772
1501066; 75729
1504226; 75709
1507066; 75691
1510066; 75667
1513070; 75643
1516070; 75612
1519066; 75586
1522066; 75569
1525066; 75556
1528066; 75537
1531066; 75518
1534066; 75501
1537066; 75482
1540066; 75460
1543066; 75439
1546077; 75425
1549066; 75410
1552066; 75392
1555066; 75367
1558070; 75350
1561066; 75334
1564066; 75317
1567066; 75298
1570066; 75277
1573066; 75254
1576065; 75228
1579070; 75213
1582066; 75188
1585066; 75165
1588066; 75147
1591144; 75130
1594066; 75107
1597066; 75086
1600444; 75062
1603286; 75050
1606141; 75036
1609066; 75010
1612070; 74990
1615066; 74965
1618070; 74910
1621066; 74889
1624066; 74868
1627070; 74839
1630070; 74804
1633066; 74780
1636066; 74752
1639066; 74717
1642066; 74695
1645066; 74672
1648066; 74645
1651066; 74624
1654070; 74588
1657066; 74565
1660066; 74535
1663066; 74509
1666066; 74478
1669070; 74456
1672066; 74424
1675066; 74401
1678070; 74374
1681066; 74348
1684066; 74321
1687066; 74292
1690066; 74246
1693066; 74222
1696070; 74196
1699066; 74167
1702070; 74140
1705066; 74106
1708066; 74079
1711070; 74046
1714066; 74012
1717066; 73992
1720070; 73979
1723070; 73961
1726066; 73933
1729066; 73911
1732070; 73887
1735180; 73868
1738070; 73851
1741070; 73835
1744070; 73820
1747066; 73793
1750066; 73772
1753066; 73753
1756066; 73735
1759070; 73717
1762066; 73694
1765066; 73676
1768070; 73657
1771066; 73633
1774066; 73619
1777066; 73600
1780117; 73571
1783066; 73548
1786066; 73536
1789066; 73517
1792066; 73495
1795066; 73454
1798066; 73424
1801070; 73410
1804066; 73395
1807066; 73372
1810066; 73350
1813066; 73326
1816066; 73310
1819066; 73290
1822070; 73268
1825066; 73248
1828166; 73227
1831070; 73204
1834435; 73199
1837070; 73178
1840070; 73152
1843066; 73127
1846070; 73106
1849070; 73074
1852066; 73046
1855066; 73026
1858066; 73009
1861066; 72984
1864066; 72959
1867070; 72934
1870066; 72913
1873066; 72887
1876066; 72856
1879066; 72832
1882066; 72806
1885066; 72783
1888066; 72764
1891066; 72743
1894066; 72715
1897066; 72692
1900066; 72674
1903066; 72643
1906066; 72612
1909070; 72573
1912066; 72551
1915070; 72526
1918066; 72487
1921070; 72460
1924066; 72424
1927066; 72404
1930066; 72378
1933066; 72353
1936066; 72321
1939066; 72288
1942066; 72250
1945066; 72226
1948066; 72198
1951065; 72166
1954066; 72142
1957066; 72115
1960066; 72075
1963070; 72048
1966066; 72020
1969066; 71992
1972070; 71961
1975066; 71938
1978066; 71913
1981066; 71884
1984066; 71850
1987066; 71822
1990070; 71789
1993066; 71765
1996066; 71738
1999066; 71685
2002066; 71613
2005097; 71542
2008065; 71471
2011070; 71398
2014065; 71323
2017066; 71255
2020070; 71181
2023066; 71109
2026066; 71039
2029066; 70965
2032070; 70891
2035066; 70815
2038066; 70798
2041066; 70778
2044070; 70759
2047066; 70747
2050066; 70726
2053066; 70713
2056375; 70693
2059066; 70675
2062066; 70647
2065066; 70626
2068065; 70601
2071066; 70579
2074066; 70549
2077066; 70494
2080066; 70488
2083066; 70467
2086066; 70446
2089066; 70431
2092066; 70409
2095065; 70390
2098070; 70372
2101066; 70348
2104221; 70335
2107070; 70318
2110066; 70288
2113066; 70264
2116070; 70241
2119066; 70221
2122066; 70205
2125066; 70189
2128070; 70165
2131070; 70151
2134066; 70133
2137066; 70114
2140066; 70095
2143257; 70081
2146655; 70064
2149066; 70054
2152066; 70033
2155066; 70012
2158065; 69985
2161066; 69970
2164066; 69955
2167066; 69935
2170066; 69912
2173066; 69893
2176066; 69874
2179070; 69850
2182066; 69823
2185066; 69806
2188066; 69783
2191065; 69767
2194070; 69750
2197389; 69729
2200066; 69707
2203066; 69684
2206066; 69666
2209066; 69648
2212066; 69628
2215066; 69611
2218066; 69575
2221066; 69532
2224066; 69512
2227066; 69505
2230066; 69484
2233066; 69462
2236066; 69437
2239066; 69402
2242066; 69388
2245066; 69373
2248066; 69357
2251066; 69334
2254066; 69317
2257066; 69302
2260066; 69281
2263066; 69259
2266066; 69232
2269066; 69210
2272066; 69182
2275066; 69154
2278066; 69139
2281264; 69120
2284066; 69103
2287066; 69082
2290066; 69062
2293066; 69037
2296066; 69010
2299066; 68994
2302066; 68975
2305066; 68949
2308066; 68921
2311066; 68860
2314066; 68840
2317066; 68820
2320070; 68798
2323066; 68772
2326066; 68741
2329066; 68712
2332066; 68684
2335066; 68658
2338151; 68634
2341066; 68603
2344066; 68579
2347066; 68548
2350066; 68517
2353066; 68492
2356066; 68463
2359066; 68432
2362070; 68409
2365070; 68383
2368065; 68355
2371070; 68328
2374066; 68306
2377066; 68277
2380066; 68252
2383066; 68228
2386070; 68203
2389066; 68178
2392066; 68145
2395070; 68118
2398070; 68089
2401069; 68058
2404066; 68012
2407066; 67980
2410066; 67941
2413066; 67918
2416066; 67904
2419410; 67887
2422066; 67867
2425066; 67843
2428066; 67820
2431066; 67798
2434066; 67783
2437070; 67768
2440070; 67749
2443066; 67724
2446066; 67702
2449070; 67684
2452066; 67669
2455066; 67651
2458066; 67633
2461066; 67619
2464066; 67605
2467066; 67582
2470066; 67559
2473070; 67539
2476070; 67520
2479070; 67503
2482070; 67478
2485066; 67465
2488070; 67445
2491070; 67407
2494070; 67383
2497070; 67360
2500070; 67336
2503070; 67318
2506066; 67297
2509066; 67278
2512066; 67257
2515066; 67232
2518065; 67211
2521066; 67184
2524066; 67161
2527065; 67131
2530066; 67113
2533070; 67087
2536066; 67064
2539065; 67024
2542066; 67006
2545066; 66981
2548066; 66960
2551066; 66936
2554070; 66912
2557066; 66887
2560066; 66864
2563066; 66835
2566066; 66815
2569066; 66791
2572066; 66762
2575065; 66731
2578066; 66697
2581066; 66669
2584070; 66643
2587066; 66610
2590066; 66584
2593072; 66553
2596066; 66524
2599066; 66500
2602066; 66471
2605066; 66447
2608066; 66421
2611066; 66389
2614106; 66360
2617133; 66325
2620065; 66300
2623131; 66274
2626238; 66250
2629167; 66230
2632321; 66211
2635066; 66201
2638066; 66180
2641066; 66155
2644066; 66138
2647066; 66119
2650066; 66096
2653070; 66072
2656066; 66047
2659066; 66027
2662070; 66007
2665070; 65988
2668066; 65978
2671066; 65957
2674066; 65937
2677066; 65916
2680066; 65894
2683066; 65873
2686066; 65851
2689066; 65823
2692066; 65781
2695070; 65751
2698070; 65731
2701070; 65708
2704066; 65682
2707070; 65656
2710066; 65632
2713070; 65601
2716070; 65575
2719066; 65551
2722070; 65523
2725066; 65497
2728070; 65470
2731066; 65434
2734070; 65406
2737070; 65381
2740067; 65349
2743070; 65324
2746066; 65297
2749070; 65265
2752070; 65235
2755070; 65202
2758066; 65169
2761070; 65138
2764070; 65108
2767066; 65082
2770066; 65050
2773066; 65014
2776070; 64987
2779066; 64942
2782066; 64907
2785066; 64879
2788066; 64855
2791070; 64826
2794066; 64801
2797066; 64771
2800066; 64739
2803066; 64715
2806066; 64687
2809066; 64660
2812066; 64627
2815070; 64603
2818070; 64554
2821066; 64537
2824066; 64517
2827070; 64495
2830066; 64472
2833070; 64448
2836066; 64429
2839066; 64413
2842070; 64394
2845066; 64379
2848070; 64354
2851070; 64338
2854070; 64317
2857066; 64298
2860070; 64280
2863066; 64254
2866066; 64230
2869066; 64211
2872070; 64166
2875066; 64146
2878066; 64122
2881066; 64099
2884066; 64075
2887066; 64050
2890066; 64028
2893066; 64006
2896070; 63977
2899070; 63951
2902070; 63925
2905066; 63899
2908071; 63862
2911070; 63831
2914070; 63799
2917066; 63769
2920066; 63735
2923070; 63709
2926070; 63681
2929070; 63653
2932099; 63622
2935066; 63589
2938292; 63562
2941066; 63542
2944066; 63522
2947066; 63505
2950070; 63486
2953070; 63465
2956066; 63448
2959066; 63427
2962070; 63399
2965066; 63369
2968066; 63342
2971066; 63317
2974066; 63299
2977066; 63269
2980066; 63243
2983066; 63226
2986066; 63208
2989066; 63181
2992066; 63168
2995066; 63158
2998070; 63131
3001066; 63114
3004066; 63095
3007066; 63061
3010066; 63025
3013066; 63002
3016066; 62975
3019070; 62952
3022070; 62926
3025070; 62907
3028066; 62877
3031066; 62846
3034066; 62826
3037066; 62805
3040066; 62790
3043066; 62765
3046070; 62735
3049066; 62716
3052066; 62695
3055066; 62672
3058066; 62649
3061066; 62623
3064066; 62597
3067066; 62566
3070066; 62544
3073066; 62523
3076281; 62503
3079066; 62482
3082066; 62456
3085066; 62425
3088066; 62414
3091066; 62393
3094066; 62372
3097066; 62346
3100070; 62325
3103119; 62306
3106397; 62288
3109066; 62268
3112488; 62249
3115080; 62233
3118066; 62209
3121066; 62191
3124066; 62166
3127066; 62140
3130070; 62122
3133066; 62083
3136065; 62063
3139066; 62034
3142237; 62015
3145070; 61993
3148066; 61969
3151070; 61938
3154070; 61920
3157070; 61901
3160066; 61879
3163070; 61855
3166070; 61834
3169066; 61813
3172066; 61791
3175066; 61767
3178066; 61726
3181066; 61697
3184066; 61665
3187070; 61638
3190066; 61608
3193070; 61576
3196070; 61552
3199066; 61520
3202066; 61495
3205066; 61464
3208066; 61436
3211070; 61401
3214066; 61352
3217066; 61281
3220066; 61204
3223065; 61130
3226065; 61057
3229066; 60986
3232066; 60966
3235066; 60954
3238066; 60940
3241066; 60914
3244066; 60884
3247066; 60855
3250066; 60827
3253070; 60795
3256066; 60774
3259070; 60748
3262070; 60720
3265066; 60701
3268066; 60677
3271066; 60650
3274066; 60626
3277066; 60600
3280066; 60572
3283066; 60552
3286066; 60530
3289066; 60508
3292066; 60480
3295066; 60458
3298066; 60428
3301066; 60396
3304066; 60368
3307066; 60346
3310066; 60320
3313066; 60295
3316066; 60273
3319066; 60247
3322066; 60202
3325065; 60173
3328066; 60150
3331066; 60121
3334066; 60097
3337070; 60073
3340066; 60052
3343070; 60031
3346070; 60009
3349066; 59983
3352066; 59958
3355066; 59938
3358066; 59917
3361066; 59885
3364066; 59856
3367066; 59814
3370066; 59790
3373070; 59756
3376066; 59735
3379066; 59709
3382070; 59688
3385066; 59652
3388070; 59624
3391070; 59599
3394066; 59575
3397070; 59544
3400070; 59522
3403070; 59502
3406070; 59474
3409066; 59449
3412066; 59423
3415070; 59400
3418066; 59369
3421070; 59332
3424070; 59305
3427070; 59281
3430070; 59247
3433066; 59223
3436066; 59190
3439066; 59168
3442066; 59139
3445070; 59105
3448070; 59079
3451068; 59056
3454070; 59026
3457065; 59001
3460066; 58967
3463065; 58938
3466066; 58910
3469065; 58884
3472066; 58857
3475065; 58823
3478065; 58761
3481065; 58731
3484065; 58702
3487070; 58677
3490088; 58656
3493066; 58623
3496070; 58598
3499070; 58573
3502065; 58546
3505070; 58521
3508065; 58494
3511068; 58455
3514066; 58418
3517070; 58394
3520070; 58367
3523070; 58341
3526070; 58307
3529066; 58282
3532070; 58260
3535070; 58224
3538065; 58193
3541070; 58154
3544070; 58118
3547066; 58087
3550065; 58055
3553066; 58026
3556070; 57990
3559068; 57950
3562070; 57909
3565066; 57872
3568070; 57837
3571065; 57797
3574065; 57766
3577066; 57736
3580070; 57692
3583070; 57661
3586146; 57625
3589066; 57588
3592065; 57560
3595065; 57522
3598070; 57485
3601065; 57456
3604065; 57421
3607070; 57391
3610070; 57361
3613070; 57327
3616070; 57293
3619070; 57261
3622070; 57226
3625065; 57181
3628065; 57148
3631065; 57116
3634124; 57084
3637065; 57045
3640066; 57009
3643070; 56981
3646070; 56946
3649065; 56892
3652070; 56871
3655066; 56832
3658070; 56794
3661066; 56762
3664066; 56734
3667065; 56701
3670065; 56661
3673065; 56633
3676065; 56606
3679065; 56572
3682070; 56534
3685065; 56501
3688070; 56470
3691066; 56431
3694070; 56403
3697066; 56369
3700066; 56337
3703066; 56305
3706070; 56275
3709065; 56243
3712066; 56211
3715066; 56177
3718070; 56151
3721070; 56111
3724070; 56067
3727070; 56031
3730070; 55987
3733066; 55952
3736070; 55926
3739070; 55895
3742065; 55861
3745070; 55824
3748070; 55782
3751163; 55748
3754066; 55715
3757069; 55669
3760070; 55636
3763070; 55601
3766065; 55563
3769070; 55525
3772070; 55486
3775065; 55448
3778065; 55414
3781065; 55375
3784065; 55341
3787065; 55306
3790065; 55272
3793065; 55238
3796070; 55190
3799066; 55145
3802065; 55108
3805070; 55060
3808070; 55027
3811070; 54988
3814070; 54954
3817065; 54915
3820065; 54884
3823065; 54860
3826070; 54834
3829066; 54803
3832065; 54777
3835065; 54755
3838065; 54733
3841169; 54704
3844070; 54671
3847066; 54639
3850065; 54611
3853065; 54589
3856065; 54563
3859070; 54535
3862065; 54515
3865066; 54493
3868065; 54468
3871065; 54435
3874065; 54403
3877070; 54381
3880251; 54347
3883065; 54296
3886065; 54275
3889070; 54247
3892066; 54206
3895065; 54185
3898070; 54163
3901070; 54129
3904065; 54108
3907065; 54085
3910070; 54055
3913070; 54033
3916065; 54010
3919070; 53984
3922066; 53955
3925070; 53920
3928070; 53896
3931070; 53866
3934065; 53845
3937065; 53823
3940065; 53798
3943065; 53769
3946065; 53741
3949070; 53719
3952070; 53689
3955070; 53660
3958065; 53618
3961070; 53581
3964065; 53550
3967065; 53507
3970066; 53480
3973065; 53441
3976065; 53409
3979070; 53376
3982070; 53347
3985065; 53308
3988070; 53271
3991070; 53238
3994065; 53201
3997065; 53167
4000066; 53135
4003070; 53104
4006065; 53069
4009066; 53038
4012066; 53000
4015066; 52961
4018067; 52930
4021070; 52895
4024070; 52859
4027070; 52825
4030066; 52768
4033066; 52721
4036070; 52699
4039132; 52677
4042070; 52655
4045070; 52629
4048066; 52597
4051070; 52569
4054070; 52535
4057070; 52513
4060070; 52491
4063066; 52479
4066066; 52448
4069070; 52418
4072066; 52389
4075070; 52364
4078070; 52339
4081066; 52308
4084070; 52285
4087065; 52258
4090070; 52230
4093191; 52196
4096065; 52145
4099065; 52124
4102151; 52103
4105199; 52082
4108206; 52059
4111065; 52026
4114066; 51993
4117065; 51967
4120065; 51943
4123068; 51916
4126065; 51892
4129070; 51859
4132066; 51831
4135070; 51794
4138065; 51764
4141065; 51740
4144070; 51705
4147075; 51682
4150070; 51644
4153070; 51618
4156065; 51586
4159070; 51554
4162070; 51524
4165065; 51495
4168070; 51471
4171070; 51434
4174070; 51409
4177066; 51385
4180066; 51354
4183070; 51320
4186070; 51291
4189066; 51229
4192109; 51204
4195066; 51175
4198066; 51124
4201066; 51099
4204070; 51058
4207066; 51015
4210066; 50986
4213065; 50947
4216066; 50909
4219070; 50875
4222086; 50830
4225070; 50792
4228065; 50755
4231070; 50725
4234070; 50691
4237070; 50657
4240065; 50624
4243065; 50582
4246065; 50550
4249141; 50515
4252070; 50472
4255065; 50440
4258066; 50405
4261065; 50384
4264066; 50362
4267070; 50339
4270066; 50298
4273065; 50278
4276066; 50258
4279070; 50231
4282070; 50198
4285066; 50167
4288070; 50138
4291066; 50116
4294066; 50093
4297070; 50058
4300070; 50037
4303070; 50011
4306139; 49985
4309070; 49947
4312070; 49924
4315070; 49896
4318070; 49871
4321070; 49843
4324070; 49820
4327070; 49794
4330070; 49749
4333070; 49728
4336070; 49705
4339070; 49666
4342069; 49646
4345067; 49624
4348065; 49596
4351065; 49563
4354065; 49541
4357070; 49514
4360065; 49492
4363065; 49458
4366065; 49432
4369070; 49395
4372065; 49372
4375070; 49348
4378065; 49317
4381066; 49295
4384195; 49272
4387065; 49244
4390070; 49221
4393070; 49187
4396070; 49139
4399070; 49115
4402070; 49079
4405070; 49043
4408070; 49008
4411070; 48982
4414065; 48944
4417065; 48902
4420070; 48875
4423066; 48838
4426070; 48806
4429065; 48764
4432066; 48731
4435070; 48700
4438070; 48665
4441070; 48637
4444065; 48602
4447070; 48569
4450070; 48538
4453070; 48499
4456133; 48463
4459070; 48426
4462065; 48378
4465070; 48335
4468065; 48297
4471065; 48255
4474070; 48231
4477070; 48211
4480066; 48184
4483066; 48162
4486070; 48131
4489065; 48108
4492070; 48082
4495070; 48044
4498130; 48018
4501070; 47984
4504070; 47954
4507070; 47928
4510065; 47902
4513066; 47873
4516070; 47849
4519066; 47826
4522070; 47798
4525070; 47774
4528070; 47743
4531070; 47711
4534070; 47685
4537070; 47648
4540066; 47597
4543070; 47575
4546070; 47534
4549070; 47513
4552070; 47490
4555070; 47457
4558066; 47428
4561136; 47404
4564090; 47381
4567159; 47358
4570070; 47323
4573065; 47301
4576070; 47273
4579066; 47250
4582224; 47228
4585185; 47204
4588066; 47173
4591066; 47149
4594142; 47127
4597183; 47105
4600070; 47080
4603070; 47043
4606070; 47008
4609070; 46981
4612070; 46950
4615070; 46928
4618070; 46889
4621070; 46868
4624070; 46845
4627070; 46815
4630065; 46790
4633070; 46754
4636066; 46732
4639065; 46708
4642065; 46676
4645065; 46652
4648070; 46626
4651066; 46599
4654070; 46576
4657066; 46552
4660066; 46521
4663070; 46485
4666066; 46462
4669070; 46439
4672066; 46389
4675077; 46355
4678065; 46331
4681065; 46301
4684070; 46264
4687065; 46235
4690066; 46210
4693066; 46186
4696065; 46150
4699167; 46127
4702070; 46096
4705066; 46066
4708070; 46036
4711066; 46009
4714066; 45978
4717070; 45932
4720070; 45894
4723209; 45866
4726066; 45829
4729070; 45800
4732070; 45763
4735066; 45721
4738070; 45678
4741070; 45648
4744065; 45612
4747070; 45582
4750070; 45547
4753070; 45513
4756070; 45476
4759066; 45436
4762070; 45395
4765070; 45368
4768070; 45323
4771070; 45294
4774065; 45254
4777065; 45219
4780065; 45187
4783066; 45148
4786066; 45116
4789070; 45083
4792066; 45045
4795070; 44998
4798070; 44964
4801066; 44925
4804168; 44889
4807070; 44856
4810070; 44820
4813070; 44791
4816065; 44757
4819070; 44724
4822065; 44692
4825070; 44658
4828070; 44618
4831066; 44584
4834070; 44536
4837066; 44499
4840070; 44461
4843070; 44421
4846070; 44383
4849066; 44347
4852070; 44309
4855070; 44261
4858070; 44226
4861070; 44187
4864194; 44153
4867065; 44131
4870066; 44108
4873070; 44075
4876070; 44044
4879065; 44017
4882066; 43982
4885070; 43958
4888065; 43936
4891070; 43907
4894066; 43880
4897065; 43850
4900070; 43824
4903070; 43778
4906070; 43750
4909070; 43718
4912065; 43686
4915066; 43659
4918070; 43625
4921065; 43600
4924065; 43567
4927065; 43538
4930076; 43496
4933070; 43451
4936070; 43420
4939070; 43376
4942070; 43341
4945070; 43302
4948070; 43267
4951065; 43230
4954065; 43192
4957065; 43105
4960065; 43020
4963066; 42932
4966070; 42843
4969070; 42752
4972065; 42663
4975067; 42573
4978065; 42488
4981066; 42394
4984066; 42302
4987070; 42268
4990070; 42238
4993065; 42211
4996070; 42187
4999065; 42166
5002070; 42151
5005065; 42117
5008065; 42086
5011066; 42054
5014066; 42016
5017070; 41985
5020070; 41963
5023065; 41938
5026070; 41900
5029070; 41879
5032066; 41852
5035070; 41804
5038066; 41770
5041065; 41733
5044065; 41704
5047065; 41674
5050070; 41648
5053065; 41624
5056070; 41594
5059070; 41568
5062065; 41539
5065065; 41514
5068065; 41475
5071070; 41445
5074070; 41417
5077070; 41393
5080065; 41358
5083065; 41328
5086107; 41273
5089066; 41196
5092070; 41105
5095070; 41015
5098065; 40924
5101065; 40882
5104065; 40855
5107065; 40818
5110065; 40795
5113065; 40771
5116065; 40738
5119070; 40709
5122070; 40682
5125065; 40655
5128070; 40628
5131070; 40599
5134066; 40573
5137066; 40550
5140070; 40512
5143065; 40487
5146070; 40461
5149066; 40404
5152066; 40382
5155070; 40348
5158070; 40314
5161066; 40272
5164065; 40237
5167065; 40200
5170065; 40162
5173065; 40127
5176065; 40088
5179065; 40042
5182070; 40005
5185066; 39984
5188065; 39956
5191070; 39932
5194065; 39905
5197069; 39866
5200070; 39833
5203070; 39801
5206065; 39775
5209065; 39725
5212065; 39695
5215070; 39674
5218070; 39651
5221070; 39624
5224065; 39587
5227070; 39563
5230066; 39540
5233066; 39516
5236070; 39488
5239070; 39465
5242205; 39421
5245090; 39400
5248065; 39377
5251074; 39347
5254065; 39321
5257065; 39298
5260120; 39263
5263065; 39238
5266070; 39214
5269070; 39190
5272065; 39154
5275070; 39129
5278070; 39098
5281065; 39074
5284065; 39046
5287065; 39019
5290070; 38990
5293067; 38960
5296065; 38935
5299070; 38911
5302127; 38883
5305120; 38853
5308187; 38825
5311068; 38802
5314065; 38776
5317066; 38735
5320065; 38714
5323066; 38681
5326065; 38659
5329070; 38632
5332070; 38603
5335065; 38578
5338070; 38542
5341070; 38510
5344070; 38485
5347070; 38453
5350070; 38426
5353066; 38398
5356066; 38370
5359066; 38332
5362070; 38307
5365066; 38273
5368166; 38242
5371070; 38211
5374068; 38155
5377066; 38129
5380070; 38089
5383066; 38063
5386066; 38027
5389070; 37995
5392065; 37968
5395065; 37932
5398070; 37903
5401070; 37873
5404065; 37840
5407065; 37813
5410065; 37780
5413065; 37747
5416065; 37713
5419065; 37668
5422070; 37643
5425070; 37605
5428065; 37573
5431066; 37533
5434070; 37496
5437070; 37464
5440070; 37428
5443066; 37396
5446065; 37358
5449070; 37322
5452066; 37289
5455066; 37253
5458066; 37216
5461065; 37186
5464128; 37147
5467065; 37110
5470065; 37078
5473066; 37040
5476070; 37006
5479065; 36970
5482065; 36934
5485070; 36896
5488070; 36863
5491070; 36826
5494163; 36790
5497411; 36768
5500066; 36742
5503070; 36706
5506070; 36680
5509066; 36654
5512066; 36626
5515065; 36599
5518070; 36576
5521065; 36530
5524070; 36506
5527070; 36481
5530066; 36452
5533070; 36418
5536070; 36396
5539070; 36371
5542070; 36343
5545070; 36310
5548070; 36285
5551065; 36259
5554070; 36229
5557065; 36199
5560070; 36177
5563065; 36149
5566070; 36113
5569066; 36089
5572070; 36061
5575065; 36033
5578066; 36002
5581070; 35967
5584065; 35941
5587065; 35893
5590066; 35872
5593070; 35850
5596066; 35821
5599070; 35797
5602070; 35768
5605070; 35743
5608070; 35715
5611066; 35688
5614069; 35662
5617065; 35631
5620070; 35609
5623070; 35569
5626070; 35537
5629066; 35504
5632070; 35481
5635070; 35458
5638070; 35432
5641066; 35398
5644066; 35374
5647070; 35335
5650070; 35311
5653066; 35276
5656070; 35248
5659070; 35218
5662070; 35184
5665139; 35150
5668070; 35119
5671070; 35092
5674065; 35057
5677065; 35026
5680065; 34990
5683066; 34946
5686066; 34910
5689070; 34882
5692070; 34860
5695066; 34826
5698070; 34798
5701082; 34768
5704131; 34746
5707179; 34723
5710070; 34691
5713070; 34667
5716070; 34638
5719070; 34606
5722066; 34580
5725070; 34556
5728070; 34529
5731070; 34487
5734070; 34464
5737066; 34436
5740065; 34402
5743070; 34377
5746065; 34351
5749070; 34322
5752066; 34292
5755066; 34268
5758066; 34242
5761070; 34214
5764066; 34184
5767070; 34147
5770070; 34121
5773065; 34084
5776065; 34060
5779070; 34032
5782070; 33996
5785066; 33965
5788070; 33940
5791065; 33915
5794065; 33885
5797065; 33851
5800070; 33827
5803065; 33801
5806070; 33770
5809065; 33743
5812070; 33716
5815065; 33691
5818065; 33659
5821065; 33632
5824066; 33591
5827066; 33553
5830065; 33528
5833070; 33496
5836065; 33471
5839069; 33439
5842070; 33415
5845066; 33392
5848066; 33367
5851070; 33339
5854070; 33311
5857066; 33282
5860066; 33260
5863066; 33228
5866066; 33193
5869066; 33158
5872066; 33129
5875065; 33101
5878065; 33075
5881066; 33042
5884070; 33007
5887066; 32983
5890066; 32943
5893070; 32908
5896070; 32877
5899070; 32849
5902065; 32815
5905066; 32786
5908065; 32750
5911066; 32711
5914070; 32685
5917070; 32660
5920170; 32632
5923070; 32598
5926070; 32587
5929070; 32562
5932070; 32535
5935070; 32512
5938066; 32481
5941065; 32453
5944065; 32421
5947070; 32394
5950070; 32350
5953065; 32310
5956070; 32277
5959070; 32241
5962065; 32204
5965069; 32170
5968065; 32132
5971070; 32096
5974066; 32062
5977066; 32025
5980066; 31987
5983065; 31959
5986065; 31930
5989065; 31899
5992070; 31875
5995066; 31851
5998070; 31824
6001065; 31788
6004070; 31762
6007133; 31725
6010065; 31691
6013065; 31661
6016065; 31628
6019070; 31596
6022070; 31552
6025070; 31524
6028070; 31500
6031070; 31460
6034070; 31436
6037070; 31412
6040070; 31386
6043065; 31351
6046070; 31322
6049065; 31297
6052070; 31271
6055066; 31236
6058065; 31183
6061070; 31161
6064065; 31135
6067070; 31084
6070070; 31010
6073065; 30936
6076070; 30862
6079065; 30786
6082070; 30714
6085070; 30639
6088065; 30617
6091065; 30584
6094065; 30557
6097066; 30530
6100066; 30497
6103070; 30451
6106065; 30428
6109066; 30403
6112065; 30375
6115070; 30342
6118065; 30315
6121066; 30292
6124066; 30260
6127065; 30227
6130065; 30196
6133065; 30169
6136065; 30137
6139070; 30098
6142070; 30060
6145066; 30037
6148070; 30005
6151070; 29978
6154070; 29947
6157066; 29916
6160070; 29836
6163066; 29762
6166066; 29699
6169182; 29671
6172070; 29635
6175066; 29607
6178065; 29570
6181066; 29533
6184066; 29503
6187066; 29469
6190070; 29440
6193070; 29412
6196070; 29373
6199126; 29339
6202066; 29307
6205070; 29272
6208066; 29219
6211066; 29195
6214066; 29159
6217070; 29129
6220070; 29091
6223070; 29047
6226070; 29017
6229070; 28979
6232070; 28949
6235066; 28914
6238070; 28876
6241070; 28843
6244066; 28816
6247070; 28782
6250066; 28752
6253066; 28712
6256065; 28679
6259070; 28644
6262065; 28605
6265066; 28567
6268070; 28524
6271070; 28493
6274066; 28454
6277066; 28424
6280070; 28387
6283066; 28346
6286070; 28312
6289065; 28270
6292066; 28216
6295066; 28182
6298066; 28150
6301070; 28107
6304070; 28072
6307101; 28024
6310066; 27982
6313070; 27946
6316070; 27911
6319070; 27875
6322070; 27840
6325066; 27799
6328066; 27748
6331070; 27715
6334070; 27675
6337070; 27632
6340123; 27590
6343066; 27545
6346066; 27501
6349070; 27457
6352070; 27413
6355070; 27369
6358116; 27325
6361065; 27281
6364070; 27239
6367070; 27196
6370066; 27154
6373066; 27111
6376065; 27063
6379070; 27019
6382066; 26979
6385066; 26936
6388066; 26890
6391070; 26847
6394065; 26795
6397070; 26768
6400066; 26731
6403065; 26697
6406070; 26662
6409070; 26629
6412070; 26597
6415066; 26545
6418066; 26516
6421065; 26480
6424065; 26446
6427065; 26412
6430065; 26379
6433070; 26347
6436065; 26306
6439070; 26274
6442070; 26237
6445070; 26204
6448070; 26171
6451066; 26131
6454065; 26083
6457065; 26059
6460070; 26020
6463070; 25982
6466070; 25948
6469070; 25898
6472070; 25876
6475065; 25839
6478070; 25805
6481070; 25768
6484107; 25741
6487066; 25700
6490065; 25671
6493070; 25637
6496070; 25606
6499070; 25571
6502070; 25523
6505070; 25486
6508081; 25444
6511066; 25416
6514065; 25379
6517065; 25338
6520066; 25298
6523070; 25262
6526065; 25230
6529070; 25189
6532065; 25149
6535070; 25119
6538070; 25082
6541066; 25040
6544066; 25004
6547065; 24968
6550066; 24909
6553070; 24866
6556066; 24841
6559065; 24802
6562070; 24776
6565070; 24738
6568070; 24706
6571065; 24667
6574070; 24632
6577070; 24578
6580065; 24550
6583066; 24512
6586065; 24483
6589070; 24445
6592070; 24406
6595070; 24379
6598070; 24341
6601070; 24295
6604065; 24263
6607065; 24228
6610070; 24186
6613070; 24159
6616070; 24123
6619065; 24086
6622070; 24053
6625070; 24014
6628066; 23972
6631070; 23945
6634065; 23907
6637065; 23875
6640066; 23834
6643070; 23800
6646070; 23765
6649065; 23734
6652070; 23698
6655151; 23662
6658065; 23626
6661070; 23573
6664065; 23536
6667065; 23495
6670070; 23464
6673066; 23429
6676070; 23398
6679070; 23362
6682065; 23334
6685065; 23293
6688070; 23267
6691070; 23226
6694070; 23197
6697070; 23146
6700066; 23108
6703066; 23076
6706066; 23034
6709070; 22996
6712070; 22965
6715070; 22927
6718113; 22877
6721070; 22838
6724066; 22799
6727070; 22764
6730070; 22721
6733070; 22678
6736065; 22634
6739065; 22591
6742065; 22546
6745066; 22500
6748070; 22454
6751070; 22411
6754066; 22361
6757070; 22320
6760070; 22288
6763066; 22251
6766070; 22222
6769070; 22186
6772070; 22144
6775066; 22114
6778066; 22077
6781066; 22036
6784070; 21986
6787070; 21955
6790070; 21916
6793070; 21885
6796070; 21853
6799065; 21818
6802070; 21782
6805070; 21735
6808070; 21696
6811066; 21660
6814066; 21617
6817070; 21580
6820070; 21530
6823066; 21500
6826070; 21459
6829070; 21423
6832107; 21384
6835070; 21349
6838070; 21316
6841069; 21279
6844065; 21244
6847065; 21198
6850065; 21150
6853065; 21110
6856070; 21072
6859070; 21030
6862070; 20998
6865065; 20961
6868065; 20905
6871066; 20879
6874070; 20837
6877070; 20804
6880066; 20770
6883065; 20733
6886070; 20695
6889066; 20656
6892065; 20619
6895065; 20586
6898065; 20510
6901065; 20420
6904065; 20327
6907065; 20236
6910065; 20145
6913070; 20082
6916070; 20040
6919065; 20004
6922066; 19967
6925070; 19930
6928070; 19846
6931070; 19756
6934070; 19653
6937070; 19539
6940070; 19399
6943070; 19276
6946070; 19129
6949070; 19010
6952070; 18874
6955070; 18749
6958070; 18624
6961070; 18493
6964070; 18334
6967070; 18178
6970070; 18007
6973070; 17847
6976070; 17686
6979070; 17524
6982070; 17353
6985068; 17194
6988068; 17037
6991070; 16892
6994070; 16699
6997070; 16547
7000066; 16410
7003066; 16293
7006066; 16144
7009070; 16010
7012066; 15886
7015070; 15740
7018066; 15585
7021070; 15420
7024066; 15260
7027070; 15063
7030070; 14907
7033070; 14781
7036070; 14647
7039070; 14522
7042070; 14366
7045072; 14236
7048070; 14064
7051070; 13893
7054070; 13723
7057070; 13578
7060070; 13443
7063070; 13321
7066070; 13163
7069065; 13052
7072066; 12908
7075084; 12778
7078070; 12635
7081065; 12503
7084066; 12374
7087066; 12204
7090070; 12045
7093070; 11886
7096065; 11728
7099066; 11562
7102070; 11377
7105070; 11259
7108066; 11140
7111065; 10989
7114065; 10832
7117070; 10674
7120070; 10507
7123070; 10373
7126065; 10254
7129070; 10087
7132066; 9927
7135066; 9747
7138070; 9579
7141068; 9270
7144065; 8864
7147070; 8687
7150070; 8562
7153070; 8380
7156070; 8224
7159070; 8091
7162070; 7946
7165066; 7813
7168070; 7629
7171070; 7476
7174070; 7338
7177070; 7203
7180070; 7054
7183065; 6905
7186070; 6719
7189070; 6472
7192070; 6208
7195066; 6051
7198070; 5866
7201066; 5709
7204084; 5555
7207070; 5380
7210070; 5222
7213070; 5048
7216070; 4883
7219070; 4694
7222066; 4536
7225070; 4356
7228065; 4177
7231065; 3978
7234070; 3780
7237070; 3574
7240070; 3412
7243070; 3231
7246070; 3057
7249070; 2892
7252070; 2724
7255070; 2532
7258070; 2374
7261070; 2195
7264070; 2004
7267065; 1809
7270065; 1639
7273070; 1464
7276070; 1287
7279065; 1101
7282065; 901
7285070; 737
7288065; 550
7291070; 199
7348829; 0
7351830; 8975
7354830; 23950
7357868; 36521
7360830; 73794
7363830; 113434
7366830; 115014
7369830; 113878
7372831; 112648
7375831; 122887
7378830; 121592
7381830; 120291
7384830; 118704
7387830; 117445
7390830; 116142
7393828; 136608
7396831; 135266
7399828; 133575
7402830; 132216
7405831; 130740
7408830; 129368
7411926; 127778
7414831; 126338
7417830; 124595
7420831; 123155
7423830; 121593
7426830; 119693
7429831; 118112
7432832; 116680
7435830; 115539
7438830; 114277
7441830; 113212
7444830; 125702
7447831; 140487
7450830; 160023
7453830; 181610
7456828; 199864
7459831; 218913
7462830; 234733
7465831; 244504
7468830; 260185
7471830; 269923
7474830; 286098
7477830; 291362
7480830; 306168
7483831; 319291
7486830; 336867
7489830; 355740
7492831; 370743
7495831; 381465
7498851; 390909
7501831; 405169
7504830; 413694
7507831; 435997
7510830; 446271
7513830; 450675
7516831; 469645
7519831; 489128
7522830; 502922
7525893; 513662
7528831; 529762
7531830; 542103
7534830; 557450
7537830; 579975
7540831; 594676
7543831; 593347
7546831; 591975
7549830; 605236
7552831; 631924
7555831; 648078
7558831; 653330
7561831; 677425
7564831; 693379
7567831; 717848
7570831; 736745
7573831; 754056
7576831; 756240
7579830; 777454
7582831; 801018
7585830; 818147
7588830; 831137
7591830; 849469
7594830; 864206
7597831; 878645
7600828; 890413
7603830; 909495
7606831; 919021
7609830; 938721
7612830; 953663
7615830; 973038
7618830; 990362
7621830; 1010009
7624830; 1027203
7627830; 1051343
7630830; 1066866
7633830; 1075251
7636829; 1072644
7639831; 1071073
7642830; 1082201
7645830; 1093001
7648830; 1104006
7651830; 1117651
7654830; 1126778
7657830; 1141135
7660830; 1156191
7663830; 1164575
7666830; 1223319
7669833; 1277592
7672830; 1333879
7675828; 1380632
7678831; 1389192
7681828; 1388429
7684831; 1387684
7687828; 1386957
7690828; 1386126
7693832; 1385316
7696830; 1384522
7699830; 1383689
7702830; 1382964
7705830; 1382140
7708830; 1381355
7711831; 1380529
7714831; 1379657
7717830; 1378769
7720831; 1377910
7723830; 1376950
7726830; 1376199
7729831; 1375438
7732831; 1374673
7735831; 1373857
7738830; 1373078
7741830; 1372230
7744830; 1371346
7747831; 1370520
7750830; 1369691
7753831; 1368838
7756831; 1367774
7759831; 1365910
7762830; 1365074
7765828; 1364263
7768831; 1363526
7771830; 1362714
7774830; 1361906
7777831; 1361051
7780830; 1360144
7783830; 1359307
7786830; 1358467
7789830; 1357693
7792831; 1356917
7795830; 1356101
7798831; 1355266
7801831; 1354449
7804830; 1353640
7807831; 1352837
7810830; 1352043
7813830; 1351309
7816830; 1350486
7819830; 1349750
7822830; 1349027
7825831; 1348186
7828831; 1347329
7831830; 1346515
7834831; 1345659
7837828; 1344802
7840828; 1343856
7843830; 1343074
7846833; 1342258
7849830; 1341540
7852830; 1340290
7855830; 1338894
7858830; 1337880
7861830; 1336932
7864838; 1336185
7867830; 1335349
7870831; 1334571
7873830; 1333764
7876830; 1332964
7879830; 1332192
7882830; 1331385
7885830; 1330612
7888830; 1329842
7891876; 1328998
7894830; 1328201
7897830; 1327433
7900830; 1326583
7903918; 1325618
7906830; 1324721
7909831; 1323847
7912831; 1323096
7915832; 1322273
7918830; 1321347
7921830; 1320444
7924830; 1319625
7927831; 1318727
7930831; 1317868
7933831; 1317057
7936829; 1316272
7939830; 1315430
7942829; 1314588
7945830; 1313782
7948830; 1312923
7951830; 1312091
7954829; 1311266
7957831; 1310486
7960830; 1309699
7963831; 1308923
7966830; 1308054
7969830; 1306849
7972830; 1305852
7975830; 1304953
7978831; 1304087
7981831; 1303137
7984830; 1302362
7987830; 1301564
7990830; 1300774
7993830; 1299928
7996830; 1299164
7999830; 1298341
8002830; 1297476
8005830; 1296600
8008830; 1295806
8011831; 1294992
8014830; 1294191
8017830; 1293253
8020830; 1292429
8023830; 1291626
8026830; 1290834
8029841; 1290034
8032830; 1289260
8035830; 1288470
8038830; 1287634
8041830; 1286829
8044830; 1285959
8047831; 1285107
8050828; 1284177
8053830; 1283304
8056830; 1282477
8059829; 1281674
8062830; 1280887
8065831; 1279989
8068829; 1279169
8071829; 1278367
8074829; 1277547
8077831; 1276719
8080843; 1275900
8083830; 1274982
8086831; 1274165
8089829; 1273378
8092831; 1272557
8095829; 1271672
8098830; 1270748
8101829; 1269910
8104831; 1269084
8107831; 1268165
8110828; 1267347
8113830; 1266520
8116830; 1265628
8119828; 1264787
8122830; 1263537
8125830; 1262649
8128830; 1261804
8131829; 1260957
8134829; 1260135
8137828; 1259258
8140829; 1258362
8143831; 1257512
8146830; 1256711
8149830; 1255939
8152831; 1255070
8155830; 1254194
8158830; 1253319
8161830; 1252407
8164831; 1251585
8167829; 1250693
8170829; 1249806
8173830; 1248987
8176830; 1248126
8179830; 1247280
8182829; 1246409
8185830; 1245591
8188831; 1244751
8191831; 1243832
8194830; 1242922
8197831; 1242079
8200831; 1241259
8203830; 1240376
8206829; 1239402
8209830; 1238480
8212830; 1237654
8215828; 1236211
8218830; 1235253
8221829; 1234367
8224829; 1233492
8227828; 1232440
8230830; 1231385
8233830; 1230486
8236831; 1229684
8239831; 1228861
8242831; 1228005
8245831; 1227159
8248829; 1226306
8251829; 1225452
8254829; 1224581
8257830; 1223616
8260830; 1222690
8263831; 1221728
8266830; 1220830
8269830; 1219984
8272831; 1219135
8275831; 1218314
8278831; 1217408
8281830; 1216580
8284830; 1215688
8287830; 1214821
8290830; 1213950
8293830; 1212994
8296829; 1212132
8299831; 1211205
8302830; 1210066
8305829; 1208859
8308829; 1207970
8311831; 1207041
8314830; 1206036
8317829; 1205129
8320831; 1204234
8323828; 1203073
8326830; 1202208
8329831; 1201355
8332831; 1200522
8335829; 1199578
8338830; 1198563
8341830; 1197725
8344830; 1196799
8347830; 1195886
8350830; 1194876
8353831; 1193980
8356830; 1193133
8359831; 1192196
8362831; 1191210
8365831; 1190274
8368831; 1189363
8371831; 1188404
8374830; 1187512
8377829; 1186693
8380830; 1185867
8383919; 1184946
8386830; 1183421
8389831; 1182331
8392828; 1181444
8395830; 1180497
8398830; 1179639
8401830; 1178727
8404828; 1177856
8407830; 1176978
8410830; 1176025
8413828; 1175043
8416828; 1174111
8419830; 1173176
8423283; 1173041
8425830; 1172288
8428828; 1171341
8431831; 1170436
8434831; 1169484
8437830; 1168512
8440831; 1167645
8443831; 1166687
8446831; 1165815
8449831; 1164976
8452831; 1164114
8455831; 1163257
8458830; 1162320
8461830; 1161420
8464830; 1160489
8467831; 1159447
8470831; 1158510
8473828; 1157527
8476828; 1156607
8479830; 1155702
8482831; 1154796
8485831; 1153867
8488830; 1152908
8491831; 1151846
8494830; 1150885
8497831; 1150000
8500897; 1149105
8503830; 1148259
8506830; 1147435
8509831; 1146136
8512831; 1145210
8515831; 1144327
8518831; 1143449
8521830; 1142054
8524831; 1140752
8527830; 1139865
8530830; 1138967
8533830; 1138063
8536830; 1137025
8539831; 1136133
8542830; 1135201
8545831; 1134313
8548831; 1133383
8551830; 1132469
8554830; 1131561
8557830; 1130615
8560831; 1129740
8563831; 1128846
8566830; 1127909
8569830; 1126869
8572828; 1125917
8575831; 1124972
8578828; 1123965
8581829; 1122966
8584830; 1122107
8587831; 1121202
8590831; 1120251
8593831; 1119335
8596830; 1118196
8599831; 1117176
8602828; 1116157
8605832; 1115195
8608830; 1114276
8611830; 1113347
8614828; 1112418
8617830; 1111479
8620831; 1110494
8623831; 1109563
8626830; 1108573
8629830; 1107635
8632830; 1106609
8635830; 1105608
8638831; 1104674
8641830; 1103693
8644831; 1102726
8647831; 1101702
8650830; 1100785
8653830; 1099516
8656900; 1098343
8659830; 1097194
8662831; 1096227
8665828; 1095324
8668831; 1094345
8671830; 1093424
8674830; 1092531
8677830; 1091594
8680830; 1090596
8683830; 1089613
8686830; 1088655
8689830; 1087594
8692832; 1086563
8695831; 1085521
8698830; 1084516
8701831; 1083519
8704830; 1082570
8707831; 1081523
8710831; 1080066
8713828; 1078935
8716830; 1077947
8719831; 1077113
8722896; 1076273
8725831; 1075436
8728830; 1074565
8731830; 1073727
8734830; 1072855
8737831; 1071951
8740831; 1071064
8743831; 1070182
8746830; 1069242
8749830; 1068321
8752830; 1067431
8755831; 1066524
8758831; 1065641
8761830; 1064729
8764831; 1063848
8767831; 1062985
8770830; 1062071
8773831; 1061137
8776831; 1060127
8779828; 1059234
8782830; 1058300
8785830; 1057332
8788831; 1056433
8791830; 1055544
8794831; 1054677
8797831; 1053749
8800830; 1052755
8803830; 1051798
8806831; 1050898
8809830; 1049917
8812830; 1049054
8815830; 1047403
8818830; 1046322
8821830; 1045437
8824831; 1044473
8827906; 1043499
8830831; 1042165
8833830; 1041276
8836831; 1040413
8839830; 1039532
8842830; 1038564
8845830; 1037660
8848830; 1036747
8851830; 1035800
8854830; 1034827
8857831; 1033869
8860830; 1032993
8863830; 1032118
8866830; 1031216
8869830; 1030355
8872831; 1029500
8875831; 1028573
8878830; 1027623
8881830; 1026704
8884830; 1025789
8887830; 1024846
8890830; 1023897
8893830; 1022980
8896831; 1022065
8899830; 1021186
8902830; 1020254
8905830; 1019336
8908831; 1018467
8911831; 1017580
8914828; 1016604
8917831; 1015664
8920831; 1014680
8923831; 1013711
8926831; 1012730
8929831; 1011765
8932831; 1010803
8935829; 1009836
8938831; 1008847
8941831; 1007941
8944830; 1007016
8947863; 1006044
8950830; 1005147
8953830; 1004238
8956830; 1003347
8959866; 1002385
8962828; 1001449
8965830; 1000514
8968831; 999617
8971831; 998649
8974831; 997747
8977828; 996810
8980828; 995891
8983830; 994961
8986828; 994025
8989830; 993079
8992830; 992131
8995830; 991213
8998831; 990327
9001830; 988790
9004830; 987753
9007830; 986299
9010830; 985374
9013830; 984452
9016830; 983526
9019830; 982574
9022830; 981645
9025830; 980747
9028830; 979787
9031830; 978818
9034830; 977867
9037831; 976972
9040830; 976026
9043830; 975026
9046831; 974085
9049830; 973142
9052830; 972186
9055831; 971231
9058830; 970277
9061830; 969067
9064830; 968099
9067830; 967143
9070830; 965916
9073830; 964981
9076830; 964017
9079830; 963065
9082830; 962163
9085828; 961280
9088831; 960298
9091830; 959393
9094830; 958407
9097830; 957482
9100920; 956450
9103830; 955522
9106830; 954541
9109830; 953528
9112831; 952624
9115831; 951669
9118831; 950770
9121830; 949388
9124830; 948399
9127830; 947312
9130830; 946290
9133828; 945329
9136830; 944103
9139830; 943160
9142830; 942133
9145830; 941168
9148830; 940143
9151830; 939040
9154830; 938037
9157830; 937056
9160830; 936031
9163830; 934939
9166830; 933937
9169830; 932935
9172830; 931926
9175830; 930891
9178830; 929855
9181830; 928891
9184830; 927817
9187830; 926371
9190831; 925227
9193830; 924180
9196853; 923150
9199830; 922041
9202830; 920783
9205830; 919226
9208830; 917196
9211830; 915341
9214830; 913374
9217830; 911533
9220830; 909503
9223831; 907595
9226831; 905724
9229830; 903780
9232830; 901705
9235831; 899810
9238831; 897865
9241830; 895825
9244830; 894038
9247830; 892219
9250831; 890357
9253831; 888338
9256831; 886547
9259830; 884739
9262830; 882912
9265830; 880867
9268830; 879020
9271830; 877121
9274830; 875202
9277830; 873137
9280830; 872097
9283831; 871211
9286830; 870326
9289831; 869386
9292830; 868439
9295831; 867509
9298830; 866557
9301830; 865590
9304830; 864687
9307831; 863728
9310830; 862751
9313830; 861713
9316830; 860724
9319830; 859847
9322830; 858884
9325830; 857963
9328830; 856954
9331830; 855949
9334831; 854895
9337830; 853861
9340830; 852817
9343830; 851831
9346830; 850770
9349830; 849751
9352830; 848241
9355830; 847035
9358830; 845858
9361830; 844831
9364830; 843793
9367831; 842735
9370830; 841740
9373830; 840814
9376830; 839856
9379830; 838890
9382830; 837956
9385830; 836996
9388830; 835980
9391831; 835036
9394830; 834117
9397831; 833200
9400831; 832249
9403830; 831272
9406830; 830284
9409830; 829224
9412830; 828234
9415830; 827302
9418831; 826389
9421918; 825404
9424830; 824370
9427830; 823428
9430830; 821982
9433830; 820930
9436830; 819964
9439830; 818959
9442830; 817951
9445830; 816953
9448831; 815972
9451830; 814951
9454831; 813987
9457828; 812985
9460828; 812038
9463828; 811059
9466831; 810059
9469828; 809073
9472831; 808011
9475830; 807010
9478831; 806127
9481828; 805127
9484828; 804204
9487830; 803292
9490850; 802358
9493830; 801407
9496831; 800476
9499831; 799563
9502831; 798561
9505831; 797610
9508830; 796662
9511830; 795663
9514830; 794612
9517831; 793536
9520831; 792556
9523830; 791496
9526830; 790459
9529830; 789465
9532831; 788402
9535831; 787324
9538831; 785910
9541830; 784209
9544830; 783192
9547830; 782150
9550830; 781161
9553830; 780244
9556830; 779300
9559828; 778251
9562830; 777170
9565831; 776172
9568904; 775172
9571828; 774232
9574830; 773261
9577831; 772277
9580828; 771313
9583828; 770303
9586828; 769326
9589830; 768363
9592830; 767250
9595831; 766159
9598828; 765175
9601842; 764209
9604830; 763157
9607831; 762170
9610830; 761146
9613828; 760035
9616831; 758926
9619828; 757874
9622830; 756797
9625831; 755823
9628830; 754911
9631831; 753922
9634906; 752814
9637830; 751854
9640830; 750873
9647359; 750076
9647359; 750076
9649830; 749151
9652828; 748045
9655830; 746944
9658830; 745918
9661830; 744914
9664828; 743898
9667830; 742783
9670830; 741832
9673831; 740870
9676828; 739036
9679830; 737886
9682830; 736922
9685828; 735902
9688831; 734767
9691830; 733658
9694830; 732618
9697828; 731711
9700830; 730613
9703830; 729640
9706828; 728653
9709828; 727690
9712828; 726636
9715831; 725589
9718830; 724467
9721830; 723351
9724830; 722278
9727830; 720831
9730830; 719843
9733830; 718700
9736830; 717686
9739830; 716650
9742828; 715606
9745831; 714595
9748830; 713565
9751830; 712509
9754831; 711450
9757830; 710461
9760830; 709478
9763865; 708370
9766830; 706913
9769828; 705843
9772830; 704822
9775828; 703827
9778830; 702858
9781828; 701872
9784830; 700881
9787830; 699878
9790830; 698868
9793828; 697857
9796830; 696772
9799830; 695745
9802829; 694734
9805833; 693682
9808833; 692591
9811829; 691557
9814829; 690513
9817833; 689458
9820829; 688358
9823833; 687278
9826833; 686172
9829828; 684983
9832833; 684010
9835828; 682998
9838829; 681967
9841829; 680805
9844833; 679777
9847829; 678736
9850833; 677628
9853833; 676513
9856829; 675460
9859833; 674436
9862833; 673313
9865833; 672285
9868833; 671276
9871833; 670141
9874829; 668981
9877833; 667907
9880829; 666840
9883833; 665681
9886833; 664630
9889829; 662933
9892833; 661805
9895833; 660770
9898833; 659763
9901829; 658797
9904829; 657748
9907833; 656660
9910833; 655629
9913937; 654262
9916833; 652792
9919829; 651567
9922829; 650513
9925829; 649426
9928833; 648352
9931833; 647288
9934833; 646240
9937833; 645083
9940833; 644007
9943833; 642959
9946833; 641847
9949833; 640753
9952828; 639636
9955901; 638544
9958829; 637452
9961833; 636388
9964833; 635357
9967833; 634251
9970828; 633168
9973833; 632066
9976828; 630854
9979833; 629545
9982828; 628464
9985833; 627310
9988832; 626156
9991830; 625163
9994830; 624118
9997830; 622618
10000830; 621576
10003830; 620554
10006830; 619503
10009828; 618295
10012831; 617229
10015830; 616206
10018830; 615129
10021830; 614064
10024831; 612993
10027830; 611937
10030830; 610830
10033828; 609770
10036830; 608694
10039955; 607515
10042830; 606413
10045828; 605262
10048828; 604208
10051830; 603093
10054830; 601999
10057830; 600947
10060935; 599855
10063830; 598708
10066831; 597657
10069830; 596603
10072831; 595470
10075830; 594104
10078831; 592746
10081831; 591630
10084830; 590557
10087830; 589456
10090830; 588294
10093830; 587142
10096830; 586063
10099830; 584953
10102830; 583504
10105830; 582390
10108830; 581413
10111830; 580417
10114830; 579393
10117831; 578366
10120831; 577332
10123830; 576317
10126831; 575318
10129830; 574315
10132830; 573317
10135887; 572310
10138830; 571283
10141830; 570217
10144831; 569201
10147831; 568145
10150831; 567172
10153830; 566155
10156831; 565134
10159831; 564029
10162830; 562990
10165830; 561926
10168868; 560851
10171828; 559720
10174831; 558659
10177830; 557545
10180828; 555642
10183831; 554609
10186830; 553652
10189830; 552653
10192830; 551616
10195830; 550619
10198830; 549620
10201830; 548531
10204831; 547511
10207830; 546465
10210830; 545456
10213831; 544354
10216830; 543291
10219830; 542290
10222872; 541253
10225830; 540224
10228830; 539230
10231828; 538206
10234831; 537089
10237830; 536031
10240830; 534993
10243913; 533854
10246830; 532723
10249830; 531601
10252830; 530486
10255830; 528799
10258830; 527524
10261830; 526447
10264925; 525341
10267830; 524247
10270830; 523172
10273831; 522006
10276831; 520750
10279831; 519745
10282830; 517727
10285962; 516605
10288830; 515186
10291830; 513364
10294830; 512123
10297830; 510987
10300830; 509838
10303830; 508176
10306831; 506828
10309830; 505179
10312830; 503547
10315830; 502462
10318830; 500765
10321831; 498675
10324831; 496544
10327830; 494236
10330830; 492108
10333830; 489982
10336830; 487789
10339830; 485442
10342830; 483951
10345830; 482895
10348830; 481916
10351830; 480856
10354830; 479810
10357830; 478713
10360830; 477638
10363831; 476560
10366830; 475493
10369830; 474459
10372830; 473430
10375828; 472218
10378828; 471058
10381830; 469992
10384830; 468874
10387857; 467751
10390830; 466556
10393830; 465388
10396830; 463942
10400042; 461780
10402830; 460690
10405830; 459567
10408830; 458458
10411830; 457360
10414830; 456336
10417830; 455241
10420830; 454098
10423955; 452852
10426830; 451774
10429830; 450690
10432830; 449321
10435830; 448246
10438830; 447207
10441830; 446146
10444830; 445018
10447830; 443867
10450830; 442802
10453830; 441738
10456830; 440678
10459830; 439483
10462830; 438387
10465830; 437349
10468830; 436239
10471830; 435012
10474830; 433936
10477830; 432866
10480830; 431695
10483830; 430489
10486830; 429377
10489830; 428353
10492830; 427238
10495830; 426181
10498830; 425064
10501932; 423932
10504830; 422360
10507830; 421251
10510830; 419812
10513830; 418664
10516830; 417555
10519830; 416385
10522830; 415173
10525830; 414144
10528830; 413023
10531830; 411849
10534829; 410722
10537833; 409632
10540828; 408372
10543830; 407167
10546830; 406073
10549833; 404971
10552833; 403818
10555833; 401818
10558833; 399668
10561829; 397492
10564902; 395205
10567833; 392980
10570833; 390796
10573829; 388669
10576829; 386283
10579833; 384059
10582829; 381899
10586020; 379581
10588833; 378483
10591829; 377371
10594832; 376228
10597856; 375017
10600830; 373767
10603830; 372585
10606830; 371406
10609830; 370208
10612830; 369005
10615830; 367785
10618830; 366633
10621830; 365404
10624830; 363742
10627830; 362532
10630830; 361363
10633863; 360111
10636830; 358885
10639830; 357654
10642830; 356419
10645840; 359017
10648828; 368975
10651829; 368096
10654828; 367167
10657829; 366223
10660833; 365234
10663833; 364286
10666833; 363301
10669833; 362339
10672833; 361332
10675829; 360372
10678828; 359222
10681828; 358177
10684830; 357147
10687830; 356018
10690830; 355101
10693830; 354145
10696830; 353147
10699833; 352193
10702833; 351248
10705828; 350241
10708830; 349196
10711830; 348243
10714830; 347261
10717949; 345958
10720830; 344980
10723828; 343963
10726831; 342842
10729831; 341755
10732828; 340726
10735828; 339667
10738833; 338365
10741833; 337255
10744833; 336190
10747833; 335103
10750831; 333586
10753830; 331504
10756830; 329537
10759830; 327585
10762997; 325453
10765830; 323488
10768830; 321563
10771830; 319556
10774830; 317376
10777830; 316085
10780831; 315010
10783831; 313911
10786830; 312757
10789830; 311657
10792831; 310530
10795904; 309118
10798830; 307970
10801831; 306851
10804831; 305728
10807831; 304457
10810830; 303353
10813831; 302203
10816831; 301056
10819831; 299874
10822830; 298753
10825831; 297611
10828831; 296407
10831830; 295292
10834831; 294157
10837830; 292736
10840830; 291363
10843828; 290181
10846828; 288974
10849932; 287688
10852830; 286431
10855830; 285220
10858830; 283949
10861830; 282264
10864830; 280126
10867830; 277930
10870979; 275532
10873830; 273177
10876830; 270952
10879830; 268683
10882830; 266198
10885830; 263473
10888830; 260055
10891980; 256556
10894828; 252948
10897830; 249567
10900830; 245876
10903926; 241943
10906830; 236370
10912442; 235293
10912830; 234797
10915830; 230649
10918830; 227017
10921830; 223378
10924830; 219818
10927830; 216230
10930830; 212112
10933830; 208520
10936831; 204794
10939830; 200331
10942830; 195732
10945830; 192071
10948830; 188498
10951830; 184777
10954917; 180747
10957830; 176591
10960830; 172936
10963830; 169296
10966830; 165448
10969830; 160821
10972831; 156510
10975830; 152636
10978830; 148786
10981830; 144554
10984830; 140086
10987830; 136390
10990830; 132589
10994065; 128208
10996830; 124105
10999830; 119744
11002830; 115836
11005830; 111817
11008830; 106966
11011830; 102797
11014830; 98910
11017830; 94965
11020830; 90063
11023830; 86083
11026830; 82218
11029830; 78294
11032830; 73600
11035830; 69614
11038830; 65078
11041830; 61094
11044830; 56307
11047830; 50607
11050830; 43590
11053835; 37939
11056830; 32957
11059830; 28844
11062831; 24692
11065830; 18672
11068830; 15065
11071830; 13215
11074830; 11277
11077830; 9203
11080830; 7015
11083830; 4631
11086830; 2418
11089828; 0
